timestamp,open,high,low,close,volume,turnover
2026-10-02 03:10:00+00:00,85171.0,85393.7,85166.7,85266.1,335.445,28600469.712
2026-10-02 03:15:00+00:00,85266.1,85309.9,85187.7,85195.7,99.345,8467863.5914
2026-10-02 03:20:00+00:00,85195.7,85237.2,85164.5,85198.6,110.185,9385960.9734
2026-10-02 03:25:00+00:00,85198.6,85248.7,85179.8,85245.8,62.28,5306830.2603
2026-10-02 03:30:00+00:00,85245.8,85444.0,85239.7,85370.1,319.427,27265797.9464
2026-10-02 03:35:00+00:00,85370.1,85430.6,85264.4,85385.7,142.28,12144359.9467
2026-10-02 03:40:00+00:00,85385.7,85408.0,85344.7,85389.1,69.688,5949793.9021
2026-10-02 03:45:00+00:00,85389.1,85450.0,85348.2,85353.1,160.449,13701283.4656
2026-10-02 03:50:00+00:00,85353.1,85496.0,85346.3,85457.1,193.659,16544256.0848
2026-10-02 03:55:00+00:00,85457.1,85553.5,85443.6,85483.7,268.616,22966102.451
2026-10-02 04:00:00+00:00,85483.7,85590.0,85483.7,85566.7,356.857,30531338.6318
2026-10-02 04:05:00+00:00,85566.7,85568.5,85416.5,85480.7,177.82,15198476.2774
2026-10-02 04:10:00+00:00,85480.7,85512.9,85420.1,85432.1,139.402,11913847.4575
2026-10-02 04:15:00+00:00,85432.1,85969.5,85432.1,85875.7,1116.644,95748126.6103
2026-10-02 04:20:00+00:00,85875.7,86473.8,85851.4,86362.0,3151.979,271728178.6596
2026-10-02 04:25:00+00:00,86362.0,86798.8,86335.7,86766.3,3148.761,272655459.1086
2026-10-02 04:30:00+00:00,86766.3,86899.7,86480.0,86484.2,1578.952,136920337.1418
2026-10-02 04:35:00+00:00,86484.2,86516.4,86332.3,86514.6,657.744,56836258.5668
2026-10-02 04:40:00+00:00,86514.6,86610.0,86466.7,86501.9,515.467,44602592.0722
2026-10-02 04:45:00+00:00,86501.9,86698.1,86434.3,86609.1,384.234,33267527.9892
2026-10-02 04:50:00+00:00,86609.1,86752.8,86563.6,86565.1,330.906,28682262.3377
2026-10-02 04:55:00+00:00,86565.1,86663.3,86560.0,86626.8,186.744,16174326.1465
2026-10-02 05:00:00+00:00,86626.8,86650.2,86521.8,86522.9,279.175,24176461.396
2026-10-02 05:05:00+00:00,86522.9,86636.3,86482.5,86550.0,240.199,20789453.6824
2026-10-02 05:10:00+00:00,86550.0,86605.6,86496.0,86550.4,133.564,11560725.808
2026-10-02 05:15:00+00:00,86550.4,86572.1,86409.3,86478.3,188.779,16325920.8208
2026-10-02 05:20:00+00:00,86478.3,86499.2,86358.7,86358.8,155.453,13436034.3891
2026-10-02 05:25:00+00:00,86358.8,86376.5,86262.2,86326.1,323.265,27901017.0057
2026-10-02 05:30:00+00:00,86326.1,86378.6,86256.6,86274.0,219.033,18906972.8751
2026-10-02 05:35:00+00:00,86274.0,86274.0,85881.3,85891.8,858.439,73878373.9901
2026-10-02 05:40:00+00:00,85891.8,86132.3,85857.5,86110.0,407.297,35044031.8705
2026-10-02 05:45:00+00:00,86110.0,86142.0,86033.0,86050.5,201.541,17349348.3834
2026-10-02 05:50:00+00:00,86050.5,86100.0,85938.9,85952.8,281.47,24212954.6106
2026-10-02 05:55:00+00:00,85952.8,85997.0,85926.9,85976.8,135.294,11629847.9324
2026-10-02 06:00:00+00:00,85976.8,86083.1,85931.2,86016.1,196.795,16929874.9935
2026-10-02 06:05:00+00:00,86016.1,86056.4,85861.0,85870.4,271.922,23362550.8286
2026-10-02 06:10:00+00:00,85870.4,86064.0,85854.1,85884.0,217.258,18677402.7862
2026-10-02 06:15:00+00:00,85884.0,86033.7,85884.0,85968.3,132.352,11378272.1644
2026-10-02 06:20:00+00:00,85968.3,86044.9,85952.9,86010.9,180.616,15532592.4325
2026-10-02 06:25:00+00:00,86010.9,86044.9,85960.0,86000.0,97.459,8381727.9627
2026-10-02 06:30:00+00:00,86000.0,86078.8,85965.8,86041.8,166.673,14339793.2229
2026-10-02 06:35:00+00:00,86041.8,86062.4,85901.3,85996.1,203.571,17502709.7919
2026-10-02 06:40:00+00:00,85996.1,86025.0,85935.8,85984.5,173.359,14906563.8701
2026-10-02 06:45:00+00:00,85984.5,85994.4,85930.1,85980.0,152.84,13137458.3104
2026-10-02 06:50:00+00:00,85980.0,86090.1,85958.7,86028.6,165.747,14256888.3079
2026-10-02 06:55:00+00:00,86028.6,86077.0,85953.1,85963.7,292.062,25117588.3123
2026-10-02 07:00:00+00:00,85963.7,86005.0,85862.3,85875.6,254.12,21835969.6962
2026-10-02 07:05:00+00:00,85875.6,86055.9,85871.5,85965.8,153.044,13155305.4519
2026-10-02 07:10:00+00:00,85965.8,86009.3,85930.2,85938.0,97.525,8384314.0511
2026-10-02 07:15:00+00:00,85938.0,85952.5,85857.8,85908.9,116.555,10012016.1786
2026-10-02 07:20:00+00:00,85908.9,85944.1,85858.3,85895.3,103.109,8857752.9967
2026-10-02 07:25:00+00:00,85895.3,85969.0,85895.2,85919.3,78.288,6727399.7668
2026-10-02 07:30:00+00:00,85919.3,85927.8,85834.0,85858.5,229.563,19715249.0541
2026-10-02 07:35:00+00:00,85858.5,85892.3,85777.7,85783.4,327.892,28141564.3577
2026-10-02 07:40:00+00:00,85783.4,85800.0,85742.3,85753.3,347.787,29828668.7359
2026-10-02 07:45:00+00:00,85753.3,85927.7,85753.2,85857.9,230.282,19772338.7625
2026-10-02 07:50:00+00:00,85857.9,85992.4,85813.5,85992.4,280.086,24059527.0742
2026-10-02 07:55:00+00:00,85992.4,86159.0,85983.4,86088.7,569.789,49042209.4946
2026-10-02 08:00:00+00:00,86088.7,86307.4,86060.0,86258.1,558.69,48161240.1736
2026-10-02 08:05:00+00:00,86258.1,86305.4,86222.2,86283.3,192.399,16597094.4731
2026-10-02 08:10:00+00:00,86283.3,86329.3,86250.0,86296.0,209.002,18037229.9462
2026-10-02 08:15:00+00:00,86296.0,86650.1,86289.8,86485.9,658.194,56931011.495
2026-10-02 08:20:00+00:00,86485.9,86579.7,86333.0,86363.0,377.236,32611213.235
2026-10-02 08:25:00+00:00,86363.0,86449.9,86342.1,86390.0,128.092,11066470.9355
2026-10-02 08:30:00+00:00,86390.0,86415.8,86232.1,86301.2,200.598,17317646.75
2026-10-02 08:35:00+00:00,86301.2,86475.8,86268.0,86414.4,201.321,17388260.9161
2026-10-02 08:40:00+00:00,86414.4,86426.3,86306.0,86306.0,88.938,7682189.9255
2026-10-02 08:45:00+00:00,86306.0,86339.0,86282.7,86287.1,152.517,13163906.4845
2026-10-02 08:50:00+00:00,86287.1,86321.8,86224.0,86224.0,118.659,10235806.7169
2026-10-02 08:55:00+00:00,86224.0,86300.1,86175.0,86219.8,167.003,14400603.6693
2026-10-02 09:00:00+00:00,86219.8,86246.7,86112.2,86176.6,193.348,16660403.6393
2026-10-02 09:05:00+00:00,86176.6,86246.0,86129.1,86174.8,155.395,13396335.1748
2026-10-02 09:10:00+00:00,86174.8,86249.0,86168.0,86194.8,75.788,6533102.8242
2026-10-02 09:15:00+00:00,86194.8,86243.4,86168.0,86198.1,91.026,7846430.7964
2026-10-02 09:20:00+00:00,86198.1,86230.7,86140.6,86151.8,75.455,6503669.7723
2026-10-02 09:25:00+00:00,86151.8,86196.2,86089.2,86196.2,86.816,7477089.8478
2026-10-02 09:30:00+00:00,86196.2,86374.8,86160.3,86347.2,278.95,24078796.8282
2026-10-02 09:35:00+00:00,86347.2,86366.6,86282.0,86364.1,133.527,11527353.9515
2026-10-02 09:40:00+00:00,86364.1,86394.8,86308.5,86323.4,190.598,16460065.0251
2026-10-02 09:45:00+00:00,86323.4,86389.0,86260.0,86317.7,127.898,11039754.4674
2026-10-02 09:50:00+00:00,86317.7,86415.9,86317.7,86386.0,109.096,9424160.6226
2026-10-02 09:55:00+00:00,86386.0,86417.3,86324.4,86340.4,106.17,9169750.2039
2026-10-02 10:00:00+00:00,86340.4,86411.4,86323.3,86405.8,117.045,10107683.2869
2026-10-02 10:05:00+00:00,86405.8,86420.0,86337.5,86359.0,77.89,6729114.1712
2026-10-02 10:10:00+00:00,86359.0,86363.4,86292.1,86315.2,115.497,9970068.8869
2026-10-02 10:15:00+00:00,86315.2,86377.3,86302.1,86339.6,78.958,6817001.6426
2026-10-02 10:20:00+00:00,86339.6,86361.1,86150.0,86169.2,216.772,18695371.3219
2026-10-02 10:25:00+00:00,86169.2,86398.6,86150.7,86388.9,145.277,12537415.0689
2026-10-02 10:30:00+00:00,86388.9,86438.9,86322.5,86414.0,138.198,11938977.5747
2026-10-02 10:35:00+00:00,86414.0,86485.6,86341.3,86376.2,104.422,9023868.1069
2026-10-02 10:40:00+00:00,86376.2,86475.6,86358.5,86400.9,101.421,8766232.2199
2026-10-02 10:45:00+00:00,86400.9,86413.6,86275.6,86292.8,90.106,7778792.0905
2026-10-02 10:50:00+00:00,86292.8,86353.6,86257.7,86330.1,176.716,15250399.9479
2026-10-02 10:55:00+00:00,86330.1,86377.2,86263.3,86264.4,70.536,6088773.4254
2026-10-02 11:00:00+00:00,86264.4,86368.4,86236.4,86368.4,129.303,11157979.8381
2026-10-02 11:05:00+00:00,86368.4,86480.0,86344.5,86465.1,124.687,10774980.5823
2026-10-02 11:10:00+00:00,86465.1,86495.4,86393.0,86432.3,162.458,14044839.0906
2026-10-02 11:15:00+00:00,86432.3,86466.0,86389.6,86460.4,78.746,6806710.5813
2026-10-02 11:20:00+00:00,86460.4,86475.0,86393.7,86424.4,76.367,6601419.3065
2026-10-02 11:25:00+00:00,86424.4,86442.3,86391.1,86396.7,48.318,4175232.0751
2026-10-02 11:30:00+00:00,86396.7,86531.5,86393.5,86462.7,156.597,13543290.6655
2026-10-02 11:35:00+00:00,86462.7,86511.7,86462.4,86466.2,71.343,6170181.2604
2026-10-02 11:40:00+00:00,86466.2,86489.2,86413.9,86463.8,102.696,8877736.5977
2026-10-02 11:45:00+00:00,86463.8,86502.9,86435.7,86471.0,160.343,13864458.73
2026-10-02 11:50:00+00:00,86471.0,86547.3,86450.1,86468.0,99.373,8595328.1935
2026-10-02 11:55:00+00:00,86468.0,86473.1,86383.5,86385.9,153.921,13301387.1068
2026-10-02 12:00:00+00:00,86385.9,86386.9,86280.0,86344.9,263.88,22778011.8043
2026-10-02 12:05:00+00:00,86344.9,86448.0,86340.1,86414.0,162.615,14049069.2504
2026-10-02 12:10:00+00:00,86414.0,86464.2,86350.0,86384.7,68.117,5885970.7425
2026-10-02 12:15:00+00:00,86384.7,86566.5,86354.6,86526.1,204.62,17699934.0707
2026-10-02 12:20:00+00:00,86526.1,86631.4,86489.7,86523.4,326.551,28269310.6067
2026-10-02 12:25:00+00:00,86523.4,86649.5,86508.7,86588.4,279.348,24188224.0554
2026-10-02 12:30:00+00:00,86588.4,87242.2,86496.4,86796.2,5159.23,448125137.3257
2026-10-02 12:35:00+00:00,86796.2,86979.9,86722.9,86755.8,615.225,53433507.4964
2026-10-02 12:40:00+00:00,86755.8,86775.4,86372.5,86454.1,901.986,78055120.0272
2026-10-02 12:45:00+00:00,86454.1,86752.4,86412.5,86639.3,556.737,48236131.1241
2026-10-02 12:50:00+00:00,86639.3,86770.3,86600.9,86770.3,307.727,26676735.4456
2026-10-02 12:55:00+00:00,86770.3,86879.0,86761.1,86786.0,349.829,30370699.9608
2026-10-02 13:00:00+00:00,86786.0,86924.5,86734.7,86894.6,248.399,21569570.1008
2026-10-02 13:05:00+00:00,86894.6,86920.0,86700.1,86726.8,298.621,25912339.9881
2026-10-02 13:10:00+00:00,86726.8,86750.0,86632.0,86662.1,264.384,22919626.5635
2026-10-02 13:15:00+00:00,86662.1,86730.8,86589.0,86666.9,147.966,12824491.7653
2026-10-02 13:20:00+00:00,86666.9,86726.7,86645.3,86672.9,96.965,8404696.0073
2026-10-02 13:25:00+00:00,86672.9,86697.0,86560.5,86575.2,134.134,11618324.01
2026-10-02 13:30:00+00:00,86575.2,86900.0,86536.0,86872.1,452.386,39242973.5791
2026-10-02 13:35:00+00:00,86872.1,87130.0,86872.1,87061.1,853.294,74240457.0546
2026-10-02 13:40:00+00:00,87061.1,87096.9,86800.0,86867.9,588.284,51139080.4923
2026-10-02 13:45:00+00:00,86867.9,86981.4,86678.3,86818.9,358.914,31167706.4841
2026-10-02 13:50:00+00:00,86818.9,86843.5,86628.6,86640.0,452.918,39266060.1815
2026-10-02 13:55:00+00:00,86640.0,86717.3,86423.3,86537.0,569.602,49295900.6636
2026-10-02 14:00:00+00:00,86537.0,86798.0,86470.0,86796.2,448.236,38837211.5983
2026-10-02 14:05:00+00:00,86796.2,86812.2,86438.6,86512.1,394.493,34166245.5326
2026-10-02 14:10:00+00:00,86512.1,86535.9,86262.3,86317.3,760.656,65689030.6548
2026-10-02 14:15:00+00:00,86317.3,86532.2,86188.4,86502.4,517.477,44685738.0524
2026-10-02 14:20:00+00:00,86502.4,86630.1,86468.8,86489.7,297.918,25782610.6694
2026-10-02 14:25:00+00:00,86489.7,86505.8,86046.5,86053.9,930.826,80222769.2688
2026-10-02 14:30:00+00:00,86053.9,86148.5,85633.1,85780.9,1674.394,143804398.658
2026-10-02 14:35:00+00:00,85780.9,85958.0,85742.9,85958.0,951.478,81706637.0189
2026-10-02 14:40:00+00:00,85958.0,86018.0,85846.0,85926.9,410.653,35295162.9756
2026-10-02 14:45:00+00:00,85926.9,86030.5,85848.0,85974.3,386.837,33248148.0341
2026-10-02 14:50:00+00:00,85974.3,85974.3,85466.2,85493.2,1164.132,99745585.5843
2026-10-02 14:55:00+00:00,85493.2,85712.3,85324.6,85654.8,1238.172,105938108.8778
2026-10-02 15:00:00+00:00,85654.8,85721.9,85501.5,85537.2,403.063,34510415.2856
2026-10-02 15:05:00+00:00,85537.2,85561.6,85306.6,85485.7,1779.898,152042150.6726
2026-10-02 15:10:00+00:00,85485.7,85600.0,85442.1,85600.0,527.292,45094114.6774
2026-10-02 15:15:00+00:00,85600.0,85664.9,85410.6,85501.2,366.066,31309573.494
2026-10-02 15:20:00+00:00,85501.2,85541.3,85285.0,85337.5,394.053,33649000.5872
2026-10-02 15:25:00+00:00,85337.5,85518.3,85237.6,85438.0,738.513,63042774.7677
2026-10-02 15:30:00+00:00,85438.0,85509.9,85369.3,85388.5,414.228,35394984.3516
2026-10-02 15:35:00+00:00,85388.5,85491.1,85349.3,85385.6,211.9,18098626.5022
2026-10-02 15:40:00+00:00,85385.6,85418.6,85273.0,85306.1,291.451,24870435.04
2026-10-02 15:45:00+00:00,85306.1,85407.7,85250.0,85355.7,297.033,25339835.8501
2026-10-02 15:50:00+00:00,85355.7,85407.7,85178.1,85206.7,394.852,33678157.7888
2026-10-02 15:55:00+00:00,85206.7,85293.0,85096.5,85291.2,580.782,49471095.6711
2026-10-02 16:00:00+00:00,85291.2,85479.8,85260.2,85441.0,913.079,77987131.5314
2026-10-02 16:05:00+00:00,85441.0,85464.0,85193.0,85253.2,334.647,28546081.4207
2026-10-02 16:10:00+00:00,85253.2,85274.8,85090.1,85179.6,306.863,26130760.6144
2026-10-02 16:15:00+00:00,85179.6,85303.0,85159.7,85275.8,204.27,17412580.261
2026-10-02 16:20:00+00:00,85275.8,85282.1,85073.1,85126.6,167.08,14229962.7678
2026-10-02 16:25:00+00:00,85126.6,85205.6,85108.2,85140.6,146.569,12479842.1692
2026-10-02 16:30:00+00:00,85140.6,85204.6,85096.3,85154.1,383.878,32682874.6246
2026-10-02 16:35:00+00:00,85154.1,85196.3,85064.7,85074.7,252.396,21485199.839
2026-10-02 16:40:00+00:00,85074.7,85160.0,84957.0,85160.0,595.125,50608718.5806
2026-10-02 16:45:00+00:00,85160.0,85279.8,85159.9,85231.4,390.57,33287311.9749
2026-10-02 16:50:00+00:00,85231.4,85267.6,85111.7,85122.4,140.94,12003698.4165
2026-10-02 16:55:00+00:00,85122.4,85168.5,85041.5,85124.5,188.89,16075064.3927
2026-10-02 17:00:00+00:00,85124.5,85240.1,85100.1,85147.2,412.466,35141496.2543
2026-10-02 17:05:00+00:00,85147.2,85193.6,85062.5,85075.0,179.907,15313072.2669
2026-10-02 17:10:00+00:00,85075.0,85081.6,84857.7,84878.2,858.768,72967877.1089
2026-10-02 17:15:00+00:00,84878.2,84924.0,84656.5,84913.8,1178.085,99888957.7489
2026-10-02 17:20:00+00:00,84913.8,84952.1,84627.6,84705.2,783.403,66420372.1182
2026-10-02 17:25:00+00:00,84705.2,84710.8,84572.4,84585.0,1101.09,93200141.2044
2026-10-02 17:30:00+00:00,84585.0,84763.9,84567.0,84748.2,402.059,34039793.2067
2026-10-02 17:35:00+00:00,84748.2,84748.2,84482.7,84536.5,547.486,46309080.3418
2026-10-02 17:40:00+00:00,84536.5,84611.2,84479.0,84584.3,439.198,37132780.0758
2026-10-02 17:45:00+00:00,84584.3,84732.4,84550.0,84729.2,374.156,31676412.3836
2026-10-02 17:50:00+00:00,84729.2,84792.0,84659.2,84742.0,623.406,52831167.2903
2026-10-02 17:55:00+00:00,84742.0,84781.6,84708.9,84746.4,76.493,6482006.2673
2026-10-02 18:00:00+00:00,84746.4,84847.6,84738.2,84827.5,225.171,19097473.8771
2026-10-02 18:05:00+00:00,84827.5,84844.8,84770.0,84770.0,184.823,15674021.7075
2026-10-02 18:10:00+00:00,84770.0,84865.5,84770.0,84853.2,124.275,10539904.5733
2026-10-02 18:15:00+00:00,84853.2,84853.3,84605.2,84627.1,1007.251,85321672.7054
2026-10-02 18:20:00+00:00,84627.1,84655.3,84515.2,84575.5,249.777,21126751.0842
2026-10-02 18:25:00+00:00,84575.5,84599.0,84532.4,84593.3,186.784,15795398.3821
2026-10-02 18:30:00+00:00,84593.3,84609.4,84476.2,84480.0,169.901,14357983.1783
2026-10-02 18:35:00+00:00,84480.0,84480.0,84019.1,84024.4,1811.464,152665688.9593
2026-10-02 18:40:00+00:00,84024.4,84182.2,83851.5,84011.5,1709.073,143565936.8949
2026-10-02 18:45:00+00:00,84011.5,84042.5,83835.6,83970.5,598.441,50243688.3616
2026-10-02 18:50:00+00:00,83970.5,84228.4,83970.5,84178.1,628.876,52890252.0603
2026-10-02 18:55:00+00:00,84178.1,84257.5,84107.0,84215.6,265.746,22375109.6885
2026-10-02 19:00:00+00:00,84215.6,84276.4,84144.0,84200.1,189.493,15959236.0119
2026-10-02 19:05:00+00:00,84200.1,84236.5,84063.4,84083.6,194.712,16381833.8246
2026-10-02 19:10:00+00:00,84083.6,84127.3,84024.5,84090.1,173.002,14544754.9187
2026-10-02 19:15:00+00:00,84090.1,84134.4,83919.9,84000.6,314.386,26402615.5758
2026-10-02 19:20:00+00:00,84000.6,84131.9,83937.4,84112.3,285.439,23979838.6397
2026-10-02 19:25:00+00:00,84112.3,84149.0,84051.9,84092.0,132.216,11119703.8528
2026-10-02 19:30:00+00:00,84092.0,84153.9,84035.6,84125.0,111.704,9394676.7336
2026-10-02 19:35:00+00:00,84125.0,84182.9,84107.9,84170.3,150.063,12628774.7495
2026-10-02 19:40:00+00:00,84170.3,84191.1,84080.8,84139.1,151.188,12721822.897
2026-10-02 19:45:00+00:00,84139.1,84208.9,84101.0,84166.2,159.192,13396927.8199
2026-10-02 19:50:00+00:00,84166.2,84189.5,84119.4,84156.4,165.065,13890902.3016
2026-10-02 19:55:00+00:00,84156.4,84294.2,84148.0,84255.0,377.696,31815905.035
2026-10-02 20:00:00+00:00,84255.0,84363.7,84255.0,84329.3,269.948,22762470.3281
2026-10-02 20:05:00+00:00,84329.3,84427.9,84288.6,84310.0,343.57,28981386.0378
2026-10-02 20:10:00+00:00,84310.0,84386.2,84285.9,84323.8,179.083,15102050.9128
2026-10-02 20:15:00+00:00,84323.8,84346.2,84300.0,84328.4,71.713,6046912.4772
2026-10-02 20:20:00+00:00,84328.4,84474.9,84291.0,84465.0,283.24,23904865.1489
2026-10-02 20:25:00+00:00,84465.0,84495.6,84275.0,84290.8,495.166,41784033.5344
2026-10-02 20:30:00+00:00,84290.8,84398.7,84270.8,84393.6,350.035,29518442.9088
2026-10-02 20:35:00+00:00,84393.6,84393.6,84347.0,84370.2,74.296,6268440.5889
2026-10-02 20:40:00+00:00,84370.2,84375.0,84174.4,84185.9,408.372,34409130.2168
2026-10-02 20:45:00+00:00,84185.9,84347.9,84182.0,84312.8,532.919,44910762.3804
2026-10-02 20:50:00+00:00,84312.8,84419.0,84307.2,84379.4,356.741,30097211.7384
2026-10-02 20:55:00+00:00,84379.4,84449.4,84322.4,84402.5,300.969,25390941.2369
2026-10-02 21:00:00+00:00,84402.5,84497.3,84374.0,84446.5,209.716,17708135.417
2026-10-02 21:05:00+00:00,84446.5,84470.0,84415.1,84461.1,81.212,6857495.9379
2026-10-02 21:10:00+00:00,84461.1,84471.0,84424.8,84444.4,85.931,7257050.8963
2026-10-02 21:15:00+00:00,84444.4,84459.5,84432.8,84432.8,38.576,3257758.2821
2026-10-02 21:20:00+00:00,84432.8,84436.3,84424.3,84428.0,27.784,2345806.7525
2026-10-02 21:25:00+00:00,84428.0,84428.0,84370.6,84390.8,66.279,5593459.5843
2026-10-02 21:30:00+00:00,84390.8,84416.1,84363.0,84383.2,66.109,5578958.1644
2026-10-02 21:35:00+00:00,84383.2,84495.1,84382.8,84495.0,91.309,7709817.9395
2026-10-02 21:40:00+00:00,84495.0,84500.0,84459.7,84471.0,86.169,7279637.3966
2026-10-02 21:45:00+00:00,84471.0,84481.9,84454.6,84468.8,28.675,2422262.0927
2026-10-02 21:50:00+00:00,84468.8,84491.6,84452.8,84474.2,51.047,4312371.6838
2026-10-02 21:55:00+00:00,84474.2,84479.5,84459.6,84479.5,24.444,2064725.2182
2026-10-02 22:00:00+00:00,84479.5,84500.0,84400.5,84431.8,150.972,12750009.8634
2026-10-02 22:05:00+00:00,84431.8,84450.0,84400.4,84431.3,43.474,3670255.6443
2026-10-02 22:10:00+00:00,84431.3,84488.3,84431.1,84488.3,134.201,11333442.5135
2026-10-02 22:15:00+00:00,84488.3,84515.4,84470.5,84493.8,48.381,4087943.7819
2026-10-02 22:20:00+00:00,84493.8,84529.0,84481.1,84513.4,98.34,8310376.1509
2026-10-02 22:25:00+00:00,84513.4,84530.3,84432.5,84475.0,91.572,7736047.1123
2026-10-02 22:30:00+00:00,84475.0,84500.0,84475.0,84500.0,18.738,1583177.3241
2026-10-02 22:35:00+00:00,84500.0,84514.5,84469.2,84470.8,48.359,4085883.1565
2026-10-02 22:40:00+00:00,84470.8,84479.6,84447.1,84462.1,40.533,3423735.3165
2026-10-02 22:45:00+00:00,84462.1,84508.6,84458.3,84508.6,21.816,1843164.4911
2026-10-02 22:50:00+00:00,84508.6,84522.2,84473.9,84491.8,91.674,7746380.4279
2026-10-02 22:55:00+00:00,84491.8,84510.0,84489.1,84510.0,24.9,2104054.671
2026-10-02 23:00:00+00:00,84510.0,84512.9,84466.2,84500.0,51.314,4335606.9237
2026-10-02 23:05:00+00:00,84500.0,84500.0,84441.8,84441.8,22.379,1890422.5555
2026-10-02 23:10:00+00:00,84441.8,84441.9,84433.3,84441.7,42.474,3586417.1432
2026-10-02 23:15:00+00:00,84441.7,84461.8,84441.7,84447.4,24.256,2048510.307
2026-10-02 23:20:00+00:00,84447.4,84454.8,84445.2,84453.9,20.079,1695667.1754
2026-10-02 23:25:00+00:00,84453.9,84520.0,84453.8,84510.3,41.725,3525512.1244
2026-10-02 23:30:00+00:00,84510.3,84510.3,84464.9,84481.1,48.306,4081581.8288
2026-10-02 23:35:00+00:00,84481.1,84500.2,84470.4,84485.6,29.887,2525037.3426
2026-10-02 23:40:00+00:00,84485.6,84527.0,84485.5,84523.4,54.697,4622417.1332
2026-10-02 23:45:00+00:00,84523.4,84527.0,84511.1,84521.9,41.037,3468312.2854
2026-10-02 23:50:00+00:00,84521.9,84527.0,84499.0,84503.1,30.775,2600997.5187
2026-10-02 23:55:00+00:00,84503.1,84503.2,84475.1,84475.9,24.75,2090892.4886
2026-10-03 00:00:00+00:00,84475.9,84476.0,84415.9,84428.4,58.101,4906642.4464
2026-10-03 00:05:00+00:00,84428.4,84433.4,84407.9,84407.9,40.852,3448718.8244
2026-10-03 00:10:00+00:00,84407.9,84496.0,84407.8,84479.5,99.937,8439893.2431
2026-10-03 00:15:00+00:00,84479.5,84525.0,84479.4,84496.0,46.801,3954713.1362
2026-10-03 00:20:00+00:00,84496.0,84504.6,84492.5,84504.0,18.176,1535881.9684
2026-10-03 00:25:00+00:00,84504.0,84525.0,84490.7,84513.6,40.889,3455402.2757
2026-10-03 00:30:00+00:00,84513.6,84600.0,84513.6,84583.2,119.422,10099586.1705
2026-10-03 00:35:00+00:00,84583.2,84614.4,84540.5,84577.8,169.361,14324295.7532
2026-10-03 00:40:00+00:00,84577.8,84587.5,84548.8,84577.6,42.968,3633791.4358
2026-10-03 00:45:00+00:00,84577.6,84633.5,84577.6,84618.9,58.236,4927271.3725
2026-10-03 00:50:00+00:00,84618.9,84643.8,84618.8,84620.3,68.712,5815265.9703
2026-10-03 00:55:00+00:00,84620.3,84620.3,84600.0,84612.0,29.324,2480970.266
2026-10-03 01:00:00+00:00,84612.0,84620.0,84579.3,84603.0,65.149,5511385.6283
2026-10-03 01:05:00+00:00,84603.0,84639.4,84596.9,84632.5,33.386,2825099.5912
2026-10-03 01:10:00+00:00,84632.5,84640.8,84588.4,84613.3,36.49,3087868.1393
2026-10-03 01:15:00+00:00,84613.3,84679.5,84580.0,84580.1,147.022,12441415.857
2026-10-03 01:20:00+00:00,84580.1,84593.7,84556.2,84571.4,38.331,3241728.3147
2026-10-03 01:25:00+00:00,84571.4,84579.6,84555.4,84577.0,21.263,1798179.1734
2026-10-03 01:30:00+00:00,84577.0,84623.5,84570.9,84592.0,34.986,2959435.0008
2026-10-03 01:35:00+00:00,84592.0,84613.9,84577.1,84609.8,46.48,3932044.9273
2026-10-03 01:40:00+00:00,84609.8,84609.8,84576.2,84589.1,17.588,1487803.3257
2026-10-03 01:45:00+00:00,84589.1,84614.0,84589.0,84593.8,30.656,2593575.8861
2026-10-03 01:50:00+00:00,84593.8,84594.0,84565.0,84565.4,18.686,1580462.0185
2026-10-03 01:55:00+00:00,84565.4,84592.3,84565.3,84592.3,33.168,2805171.5498
2026-10-03 02:00:00+00:00,84592.3,84598.7,84592.3,84598.7,15.542,1314801.4874
2026-10-03 02:05:00+00:00,84598.7,84598.7,84550.6,84559.7,35.169,2974296.5921
2026-10-03 02:10:00+00:00,84559.7,84582.5,84554.2,84574.5,51.945,4393077.6849
2026-10-03 02:15:00+00:00,84574.5,84620.6,84574.5,84620.6,35.901,3036930.5036
2026-10-03 02:20:00+00:00,84620.6,84634.7,84592.1,84592.2,32.589,2757883.6137
2026-10-03 02:25:00+00:00,84592.2,84615.2,84592.1,84593.6,28.553,2415637.6855
2026-10-03 02:30:00+00:00,84593.6,84610.3,84593.4,84610.3,14.524,1228719.5703
2026-10-03 02:35:00+00:00,84610.3,84619.7,84610.2,84619.7,13.546,1146142.0482
2026-10-03 02:40:00+00:00,84619.7,84663.0,84616.4,84632.1,81.661,6911479.1231
2026-10-03 02:45:00+00:00,84632.1,84632.1,84594.6,84594.7,15.036,1272217.2516
2026-10-03 02:50:00+00:00,84594.7,84607.4,84570.4,84580.9,48.221,4078947.7187
2026-10-03 02:55:00+00:00,84580.9,84581.0,84550.6,84550.6,11.314,956701.4247
2026-10-03 03:00:00+00:00,84550.6,84578.0,84550.6,84561.0,33.538,2836009.5346
2026-10-03 03:05:00+00:00,84561.0,84561.0,84515.6,84532.7,27.39,2315385.7017
2026-10-03 03:10:00+00:00,84532.7,84532.8,84449.3,84487.9,92.684,7830842.3242
2026-10-03 03:15:00+00:00,84487.9,84562.0,84487.9,84540.8,56.94,4813094.018
2026-10-03 03:20:00+00:00,84540.8,84540.9,84519.3,84537.7,16.141,1364373.2704
2026-10-03 03:25:00+00:00,84537.7,84560.1,84537.6,84550.6,13.635,1152868.682
2026-10-03 03:30:00+00:00,84550.6,84574.7,84550.5,84574.7,14.84,1254909.6037
2026-10-03 03:35:00+00:00,84574.7,84578.2,84569.8,84578.2,14.424,1219878.4937
2026-10-03 03:40:00+00:00,84578.2,84608.2,84578.1,84608.2,30.188,2553440.3454
2026-10-03 03:45:00+00:00,84608.2,84626.3,84603.2,84605.2,32.016,2708939.6722
2026-10-03 03:50:00+00:00,84605.2,84615.2,84605.1,84615.2,5.979,505875.2906
2026-10-03 03:55:00+00:00,84615.2,84650.0,84615.1,84647.9,20.514,1736189.9496
2026-10-03 04:00:00+00:00,84647.9,84697.1,84647.8,84673.6,45.959,3891488.9345
2026-10-03 04:05:00+00:00,84673.6,84673.6,84615.8,84627.8,51.07,4322426.969
2026-10-03 04:10:00+00:00,84627.8,84627.8,84601.0,84609.5,30.42,2573799.2006
2026-10-03 04:15:00+00:00,84609.5,84609.5,84550.0,84551.2,33.59,2840634.1829
2026-10-03 04:20:00+00:00,84551.2,84555.2,84533.6,84545.7,23.846,2015996.1557
2026-10-03 04:25:00+00:00,84545.7,84545.8,84475.0,84484.0,77.448,6544772.9744
2026-10-03 04:30:00+00:00,84484.0,84526.2,84484.0,84496.1,43.306,3659698.7526
2026-10-03 04:35:00+00:00,84496.1,84510.3,84486.1,84510.2,29.953,2530900.2564
2026-10-03 04:40:00+00:00,84510.2,84517.4,84477.7,84517.4,41.933,3543257.4832
2026-10-03 04:45:00+00:00,84517.4,84559.6,84517.3,84559.6,31.714,2681253.7755
2026-10-03 04:50:00+00:00,84559.6,84559.6,84527.7,84538.9,28.031,2369909.8688
2026-10-03 04:55:00+00:00,84538.9,84539.1,84534.7,84537.3,11.533,974962.618
2026-10-03 05:00:00+00:00,84537.3,84537.4,84507.3,84526.5,30.137,2547130.8187
2026-10-03 05:05:00+00:00,84526.5,84536.0,84516.1,84535.9,20.822,1759994.3332
2026-10-03 05:10:00+00:00,84535.9,84539.1,84516.2,84516.3,43.135,3646054.7078
2026-10-03 05:15:00+00:00,84516.3,84547.1,84516.2,84547.1,15.866,1341193.872
2026-10-03 05:20:00+00:00,84547.1,84560.0,84547.1,84559.9,25.555,2160830.0765
2026-10-03 05:25:00+00:00,84559.9,84579.1,84559.9,84579.1,33.026,2792969.9909
2026-10-03 05:30:00+00:00,84579.1,84587.5,84579.1,84587.5,8.458,715429.3573
2026-10-03 05:35:00+00:00,84587.5,84595.1,84580.0,84595.1,27.608,2335278.1184
2026-10-03 05:40:00+00:00,84595.1,84595.1,84587.5,84588.6,15.388,1301655.5609
2026-10-03 05:45:00+00:00,84588.6,84609.2,84588.5,84601.9,32.043,2710854.701
2026-10-03 05:50:00+00:00,84601.9,84609.2,84574.8,84600.0,42.529,3597617.1412
2026-10-03 05:55:00+00:00,84600.0,84604.4,84591.8,84604.4,10.754,909746.5524
2026-10-03 06:00:00+00:00,84604.4,84626.0,84600.7,84600.8,35.126,2972283.7882
2026-10-03 06:05:00+00:00,84600.8,84626.0,84591.8,84606.4,14.619,1236929.5639
2026-10-03 06:10:00+00:00,84606.4,84612.7,84568.6,84581.9,42.834,3623829.9322
2026-10-03 06:15:00+00:00,84581.9,84615.8,84581.9,84607.0,27.419,2319639.0109
2026-10-03 06:20:00+00:00,84607.0,84617.4,84596.4,84600.5,19.285,1631676.9037
2026-10-03 06:25:00+00:00,84600.5,84624.3,84600.2,84602.9,13.938,1179346.3294
2026-10-03 06:30:00+00:00,84602.9,84618.4,84599.1,84601.5,26.548,2246138.7341
2026-10-03 06:35:00+00:00,84601.5,84612.7,84575.4,84609.9,35.202,2977699.137
2026-10-03 06:40:00+00:00,84609.9,84610.0,84550.6,84597.8,61.004,5160098.165
2026-10-03 06:45:00+00:00,84597.8,84597.9,84509.6,84518.3,123.317,10426236.832
2026-10-03 06:50:00+00:00,84518.3,84558.7,84500.0,84535.9,71.558,6048424.7022
2026-10-03 06:55:00+00:00,84535.9,84539.5,84526.1,84539.5,38.587,3261788.3844
2026-10-03 07:00:00+00:00,84539.5,84539.6,84525.0,84535.9,22.439,1896845.8484
2026-10-03 07:05:00+00:00,84535.9,84548.9,84535.8,84548.8,12.209,1032204.874
2026-10-03 07:10:00+00:00,84548.8,84571.4,84545.9,84545.9,41.445,3504491.8414
2026-10-03 07:15:00+00:00,84545.9,84571.3,84541.7,84565.5,15.169,1282659.4089
2026-10-03 07:20:00+00:00,84565.5,84567.1,84535.1,84566.2,33.16,2803710.7136
2026-10-03 07:25:00+00:00,84566.2,84588.7,84562.5,84588.7,36.958,3125741.2963
2026-10-03 07:30:00+00:00,84588.7,84613.8,84588.6,84595.8,95.982,8120351.7481
2026-10-03 07:35:00+00:00,84595.8,84614.0,84578.8,84581.4,90.692,7672133.9011
2026-10-03 07:40:00+00:00,84581.4,84581.4,84521.4,84522.2,73.724,6233374.6545
2026-10-03 07:45:00+00:00,84522.2,84562.5,84522.2,84554.1,120.153,10157467.0861
2026-10-03 07:50:00+00:00,84554.1,84571.2,84516.2,84545.7,83.112,7026119.9652
2026-10-03 07:55:00+00:00,84545.7,84547.9,84510.2,84510.2,67.714,5724050.2637
2026-10-03 08:00:00+00:00,84510.2,84570.8,84507.2,84554.3,70.291,5942796.1719
2026-10-03 08:05:00+00:00,84554.3,84594.3,84554.3,84588.6,43.492,3678698.695
2026-10-03 08:10:00+00:00,84588.6,84594.3,84588.0,84590.1,19.173,1621880.0746
2026-10-03 08:15:00+00:00,84590.1,84590.1,84565.9,84574.0,33.517,2834798.8866
2026-10-03 08:20:00+00:00,84574.0,84574.0,84526.8,84527.5,45.642,3858893.1576
2026-10-03 08:25:00+00:00,84527.5,84564.8,84518.7,84539.9,40.396,3414954.136
2026-10-03 08:30:00+00:00,84539.9,84539.9,84526.8,84538.2,16.396,1386017.9122
2026-10-03 08:35:00+00:00,84538.2,84566.5,84538.2,84566.5,19.927,1684847.3511
2026-10-03 08:40:00+00:00,84566.5,84578.0,84566.4,84578.0,6.816,576428.1316
2026-10-03 08:45:00+00:00,84578.0,84591.4,84568.8,84576.3,26.756,2263102.8578
2026-10-03 08:50:00+00:00,84576.3,84591.7,84576.2,84591.3,15.581,1317939.4996
2026-10-03 08:55:00+00:00,84591.3,84597.0,84546.1,84564.1,42.494,3594147.4591
2026-10-03 09:00:00+00:00,84564.1,84598.0,84564.1,84596.2,22.51,1904110.4971
2026-10-03 09:05:00+00:00,84596.2,84611.0,84596.2,84610.9,25.26,2136976.0734
2026-10-03 09:10:00+00:00,84610.9,84615.8,84585.6,84585.7,32.076,2713969.7506
2026-10-03 09:15:00+00:00,84585.7,84603.1,84556.8,84562.4,63.557,5375575.2651
2026-10-03 09:20:00+00:00,84562.4,84563.6,84555.5,84555.6,27.552,2329749.8416
2026-10-03 09:25:00+00:00,84555.6,84555.6,84545.6,84545.7,16.765,1417556.7539
2026-10-03 09:30:00+00:00,84545.7,84545.7,84545.6,84545.6,11.887,1004994.3851
2026-10-03 09:35:00+00:00,84545.6,84545.7,84535.3,84535.4,18.934,1600666.5704
2026-10-03 09:40:00+00:00,84535.4,84552.0,84530.6,84541.3,56.959,4815363.4637
2026-10-03 09:45:00+00:00,84541.3,84541.6,84540.1,84540.2,16.815,1421563.6257
2026-10-03 09:50:00+00:00,84540.2,84546.1,84540.1,84545.0,33.024,2791918.1291
2026-10-03 09:55:00+00:00,84545.0,84554.4,84542.1,84551.9,31.868,2694372.0114
2026-10-03 10:00:00+00:00,84551.9,84566.1,84538.4,84566.1,23.3,1969970.0227
2026-10-03 10:05:00+00:00,84566.1,84566.1,84539.7,84549.4,23.781,2010865.6825
2026-10-03 10:10:00+00:00,84549.4,84549.5,84538.7,84538.8,5.722,483777.6168
2026-10-03 10:15:00+00:00,84538.8,84540.1,84532.4,84532.4,38.145,3224681.1284
2026-10-03 10:20:00+00:00,84532.4,84532.4,84512.8,84526.9,37.947,3207354.3314
2026-10-03 10:25:00+00:00,84526.9,84565.2,84526.8,84537.4,57.121,4829612.7616
2026-10-03 10:30:00+00:00,84537.4,84576.8,84537.4,84561.7,45.67,3861903.9008
2026-10-03 10:35:00+00:00,84561.7,84561.7,84552.5,84557.7,6.299,532614.8585
2026-10-03 10:40:00+00:00,84557.7,84566.4,84541.2,84558.2,36.798,3111369.5799
2026-10-03 10:45:00+00:00,84558.2,84584.5,84558.2,84571.2,33.898,2866992.5945
2026-10-03 10:50:00+00:00,84571.2,84587.0,84571.1,84587.0,15.025,1270776.6357
2026-10-03 10:55:00+00:00,84587.0,84595.0,84581.1,84581.1,23.747,2008789.3865
2026-10-03 11:00:00+00:00,84581.1,84596.6,84561.5,84596.6,29.902,2529013.9299
2026-10-03 11:05:00+00:00,84596.6,84600.0,84593.1,84600.0,9.23,780830.2657
2026-10-03 11:10:00+00:00,84600.0,84602.1,84581.4,84598.2,32.196,2723481.3489
2026-10-03 11:15:00+00:00,84598.2,84600.0,84579.7,84599.9,38.134,3225728.5572
2026-10-03 11:20:00+00:00,84599.9,84600.0,84583.6,84590.7,12.365,1045961.5382
2026-10-03 11:25:00+00:00,84590.7,84603.1,84590.6,84602.8,15.628,1322046.5801
2026-10-03 11:30:00+00:00,84602.8,84609.9,84598.6,84608.8,34.21,2894283.4815
2026-10-03 11:35:00+00:00,84608.8,84610.0,84608.7,84610.0,21.591,1826792.1165
2026-10-03 11:40:00+00:00,84610.0,84611.2,84610.0,84611.2,12.726,1076760.8065
2026-10-03 11:45:00+00:00,84611.2,84644.5,84611.1,84612.4,79.0,6685559.5675
2026-10-03 11:50:00+00:00,84612.4,84641.6,84612.4,84638.3,21.416,1812502.7596
2026-10-03 11:55:00+00:00,84638.3,84638.4,84619.2,84625.0,23.533,1991521.072
2026-10-03 12:00:00+00:00,84625.0,84641.7,84624.9,84641.7,18.543,1569448.8523
2026-10-03 12:05:00+00:00,84641.7,84643.4,84617.7,84628.4,40.859,3458073.3803
2026-10-03 12:10:00+00:00,84628.4,84657.0,84628.4,84654.0,86.238,7299520.6613
2026-10-03 12:15:00+00:00,84654.0,84752.4,84639.5,84750.0,184.579,15634889.5823
2026-10-03 12:20:00+00:00,84750.0,84843.3,84733.2,84809.4,276.577,23453092.0814
2026-10-03 12:25:00+00:00,84809.4,84884.5,84802.7,84809.4,238.706,20252483.2835
2026-10-03 12:30:00+00:00,84809.4,84812.0,84795.0,84811.9,105.63,8957787.3009
2026-10-03 12:35:00+00:00,84811.9,84869.0,84811.9,84843.2,158.349,13434358.5598
2026-10-03 12:40:00+00:00,84843.2,84843.2,84740.8,84779.9,85.731,7269072.5692
2026-10-03 12:45:00+00:00,84779.9,84800.0,84778.7,84790.2,34.228,2902101.9689
2026-10-03 12:50:00+00:00,84790.2,84850.1,84790.1,84850.1,33.199,2815844.0315
2026-10-03 12:55:00+00:00,84850.1,84897.4,84832.9,84838.9,230.195,19536958.0351
2026-10-03 13:00:00+00:00,84838.9,84859.1,84782.6,84812.3,104.335,8848874.7095
2026-10-03 13:05:00+00:00,84812.3,84821.5,84776.5,84814.2,82.303,6978515.9293
2026-10-03 13:10:00+00:00,84814.2,84833.8,84790.6,84807.5,53.715,4555730.4475
2026-10-03 13:15:00+00:00,84807.5,84807.6,84762.9,84762.9,33.52,2842138.3281
2026-10-03 13:20:00+00:00,84762.9,84766.3,84713.9,84761.1,102.994,8727983.1701
2026-10-03 13:25:00+00:00,84761.1,84785.3,84761.1,84778.8,21.696,1839264.2803
2026-10-03 13:30:00+00:00,84778.8,84874.4,84769.0,84874.4,83.737,7102702.5516
2026-10-03 13:35:00+00:00,84874.4,84930.0,84852.6,84860.6,215.04,18257430.8762
2026-10-03 13:40:00+00:00,84860.6,84878.6,84789.5,84789.6,57.84,4907515.6892
2026-10-03 13:45:00+00:00,84789.6,84834.5,84789.5,84833.7,31.315,2655720.984
2026-10-03 13:50:00+00:00,84833.7,84843.1,84832.4,84834.7,35.813,3038233.0592
2026-10-03 13:55:00+00:00,84834.7,84841.3,84824.9,84825.3,34.156,2897560.9932
2026-10-03 14:00:00+00:00,84825.3,84825.3,84757.8,84757.8,59.946,5082695.1921
2026-10-03 14:05:00+00:00,84757.8,84773.3,84727.6,84773.3,40.926,3468769.0372
2026-10-03 14:10:00+00:00,84773.3,84773.3,84746.0,84758.3,16.865,1429420.3111
2026-10-03 14:15:00+00:00,84758.3,84772.0,84756.2,84760.1,20.549,1741834.9494
2026-10-03 14:20:00+00:00,84760.1,84780.0,84760.1,84780.0,19.395,1644173.1555
2026-10-03 14:25:00+00:00,84780.0,84799.9,84774.0,84789.7,54.367,4609711.4324
2026-10-03 14:30:00+00:00,84789.7,84789.7,84744.4,84744.4,26.017,2205450.2903
2026-10-03 14:35:00+00:00,84744.4,84744.5,84707.7,84712.9,49.231,4171038.0691
2026-10-03 14:40:00+00:00,84712.9,84719.6,84705.3,84719.6,18.567,1572825.7219
2026-10-03 14:45:00+00:00,84719.6,84812.7,84719.5,84812.7,44.34,3757994.0419
2026-10-03 14:50:00+00:00,84812.7,84812.7,84789.8,84789.9,48.667,4127240.5551
2026-10-03 14:55:00+00:00,84789.9,84818.0,84789.8,84818.0,31.457,2667667.1708
2026-10-03 15:00:00+00:00,84818.0,84818.1,84733.1,84758.3,37.593,3186948.6456
2026-10-03 15:05:00+00:00,84758.3,84779.0,84750.1,84777.2,41.097,3483439.6476
2026-10-03 15:10:00+00:00,84777.2,84834.8,84777.2,84834.7,76.983,6528499.4537
2026-10-03 15:15:00+00:00,84834.7,84844.8,84776.6,84792.4,51.65,4380000.4346
2026-10-03 15:20:00+00:00,84792.4,84821.4,84791.6,84791.6,26.841,2276263.4278
2026-10-03 15:25:00+00:00,84791.6,84806.0,84783.1,84783.1,12.963,1099293.1645
2026-10-03 15:30:00+00:00,84783.1,84783.2,84716.9,84774.4,106.094,8991295.4532
2026-10-03 15:35:00+00:00,84774.4,84791.5,84733.3,84791.4,22.594,1915407.2108
2026-10-03 15:40:00+00:00,84791.4,84820.6,84788.0,84788.1,66.226,5616024.6405
2026-10-03 15:45:00+00:00,84788.1,84823.1,84788.0,84823.1,19.879,1685885.4635
2026-10-03 15:50:00+00:00,84823.1,84833.0,84817.9,84817.9,27.756,2354417.2125
2026-10-03 15:55:00+00:00,84817.9,84823.0,84817.9,84822.9,15.696,1331326.7675
2026-10-03 16:00:00+00:00,84822.9,84825.1,84794.6,84814.8,93.45,7926457.8784
2026-10-03 16:05:00+00:00,84814.8,84814.8,84781.0,84795.3,48.405,4104369.066
2026-10-03 16:10:00+00:00,84795.3,84810.5,84788.1,84788.1,12.203,1034833.2411
2026-10-03 16:15:00+00:00,84788.1,84788.2,84770.7,84770.8,13.144,1114273.0223
2026-10-03 16:20:00+00:00,84770.8,84771.0,84740.0,84750.2,60.411,5120445.6235
2026-10-03 16:25:00+00:00,84750.2,84775.6,84750.1,84775.6,13.129,1112766.501
2026-10-03 16:30:00+00:00,84775.6,84797.0,84775.5,84779.4,63.758,5405682.9625
2026-10-03 16:35:00+00:00,84779.4,84810.6,84768.7,84800.2,104.632,8871928.1085
2026-10-03 16:40:00+00:00,84800.2,84809.7,84791.4,84807.1,31.545,2675017.1867
2026-10-03 16:45:00+00:00,84807.1,84815.8,84794.5,84810.5,26.303,2230727.674
2026-10-03 16:50:00+00:00,84810.5,84838.1,84802.3,84820.0,20.283,1720441.4661
2026-10-03 16:55:00+00:00,84820.0,84834.9,84815.2,84828.5,30.127,2555486.1561
2026-10-03 17:00:00+00:00,84828.5,84850.0,84825.4,84840.7,21.528,1826344.2719
2026-10-03 17:05:00+00:00,84840.7,84845.7,84828.9,84840.5,16.484,1398442.2753
2026-10-03 17:10:00+00:00,84840.5,84849.0,84833.8,84841.2,23.299,1976698.1797
2026-10-03 17:15:00+00:00,84841.2,84879.7,84841.1,84879.6,44.798,3801819.9563
2026-10-03 17:20:00+00:00,84879.6,84917.2,84879.6,84904.8,65.597,5569569.0258
2026-10-03 17:25:00+00:00,84904.8,84904.9,84841.8,84841.8,34.083,2892639.9652
2026-10-03 17:30:00+00:00,84841.8,84841.8,84777.0,84840.1,45.536,3861674.9383
2026-10-03 17:35:00+00:00,84840.1,84872.0,84831.4,84868.4,29.699,2520104.2946
2026-10-03 17:40:00+00:00,84868.4,84964.1,84868.3,84939.4,187.619,15932618.287
2026-10-03 17:45:00+00:00,84939.4,84939.4,84878.4,84891.9,39.249,3332514.8169
2026-10-03 17:50:00+00:00,84891.9,84942.7,84891.9,84941.6,65.969,5602135.7051
2026-10-03 17:55:00+00:00,84941.6,84983.2,84929.6,84961.6,79.648,6766905.5158
2026-10-03 18:00:00+00:00,84961.6,84970.0,84941.7,84952.3,63.964,5433946.9634
2026-10-03 18:05:00+00:00,84952.3,84988.9,84950.5,84976.0,52.813,4487536.6539
2026-10-03 18:10:00+00:00,84976.0,84976.1,84923.7,84943.7,86.892,7381669.3316
2026-10-03 18:15:00+00:00,84943.7,84966.9,84904.7,84904.7,35.903,3049102.3032
2026-10-03 18:20:00+00:00,84904.7,84921.4,84904.4,84920.9,27.43,2329090.3992
2026-10-03 18:25:00+00:00,84920.9,84942.9,84920.8,84942.9,14.222,1207885.064
2026-10-03 18:30:00+00:00,84942.9,84942.9,84895.7,84905.9,43.71,3711432.6211
2026-10-03 18:35:00+00:00,84905.9,84906.0,84861.0,84866.9,41.255,3502065.3715
2026-10-03 18:40:00+00:00,84866.9,84893.9,84866.9,84893.9,11.088,941182.1504
2026-10-03 18:45:00+00:00,84893.9,84894.9,84893.7,84893.8,12.165,1032734.6284
2026-10-03 18:50:00+00:00,84893.8,84893.8,84878.3,84886.6,28.135,2388248.2004
2026-10-03 18:55:00+00:00,84886.6,84912.9,84886.6,84895.4,54.339,4613538.4888
2026-10-03 19:00:00+00:00,84895.4,84895.5,84800.0,84817.0,88.459,7503907.6652
2026-10-03 19:05:00+00:00,84817.0,84834.7,84797.8,84834.7,23.363,1981521.2507
2026-10-03 19:10:00+00:00,84834.7,84834.7,84811.1,84814.9,17.765,1506851.8187
2026-10-03 19:15:00+00:00,84814.9,84848.4,84794.3,84819.2,63.707,5403148.1518
2026-10-03 19:20:00+00:00,84819.2,84819.2,84786.3,84788.7,42.965,3643180.3764
2026-10-03 19:25:00+00:00,84788.7,84801.5,84777.0,84777.1,26.568,2252749.4875
2026-10-03 19:30:00+00:00,84777.1,84786.0,84750.1,84750.2,41.987,3558902.7418
2026-10-03 19:35:00+00:00,84750.2,84760.3,84724.0,84737.4,104.651,8868219.608
2026-10-03 19:40:00+00:00,84737.4,84755.6,84730.0,84730.0,52.312,4433088.3636
2026-10-03 19:45:00+00:00,84730.0,84730.0,84638.4,84718.0,199.941,16932374.3316
2026-10-03 19:50:00+00:00,84718.0,84806.9,84717.9,84806.8,149.033,12631505.3845
2026-10-03 19:55:00+00:00,84806.8,84812.8,84787.9,84802.8,39.143,3319358.5826
2026-10-03 20:00:00+00:00,84802.8,84869.5,84800.3,84816.2,93.195,7906977.2414
2026-10-03 20:05:00+00:00,84816.2,84848.0,84816.2,84838.7,31.842,2701324.235
2026-10-03 20:10:00+00:00,84838.7,84845.0,84814.0,84842.5,30.805,2613300.4256
2026-10-03 20:15:00+00:00,84842.5,84863.7,84822.4,84863.6,44.312,3759644.1067
2026-10-03 20:20:00+00:00,84863.6,84876.9,84838.0,84838.2,39.487,3350856.1065
2026-10-03 20:25:00+00:00,84838.2,84853.6,84838.2,84853.6,11.593,983627.2279
2026-10-03 20:30:00+00:00,84853.6,84853.6,84833.7,84842.6,9.384,796153.351
2026-10-03 20:35:00+00:00,84842.6,84842.6,84809.3,84816.0,42.157,3575716.794
2026-10-03 20:40:00+00:00,84816.0,84818.6,84808.0,84808.0,16.713,1417504.1054
2026-10-03 20:45:00+00:00,84808.0,84815.1,84692.1,84697.8,143.918,12197352.9745
2026-10-03 20:50:00+00:00,84697.8,84720.9,84651.3,84706.1,111.019,9402726.9325
2026-10-03 20:55:00+00:00,84706.1,84713.3,84691.6,84712.7,27.653,2342394.6177
2026-10-03 21:00:00+00:00,84712.7,84738.4,84655.7,84670.8,69.041,5847429.3843
2026-10-03 21:05:00+00:00,84670.8,84670.9,84500.0,84559.7,513.308,43412935.7731
2026-10-03 21:10:00+00:00,84559.7,84659.8,84559.7,84645.5,113.943,9643656.0705
2026-10-03 21:15:00+00:00,84645.5,84681.3,84645.4,84663.5,31.249,2645874.8985
2026-10-03 21:20:00+00:00,84663.5,84682.8,84663.4,84682.7,19.861,1681694.6241
2026-10-03 21:25:00+00:00,84682.7,84685.5,84650.6,84667.7,24.067,2037804.1382
2026-10-03 21:30:00+00:00,84667.7,84684.6,84648.5,84675.7,78.042,6608102.2211
2026-10-03 21:35:00+00:00,84675.7,84675.8,84651.5,84663.7,39.442,3339166.6024
2026-10-03 21:40:00+00:00,84663.7,84681.0,84645.1,84661.7,60.603,5130803.1313
2026-10-03 21:45:00+00:00,84661.7,84700.0,84660.1,84681.8,37.974,3215333.3703
2026-10-03 21:50:00+00:00,84681.8,84708.3,84664.7,84664.7,25.814,2186214.0328
2026-10-03 21:55:00+00:00,84664.7,84685.1,84651.4,84673.2,28.089,2378440.8844
2026-10-03 22:00:00+00:00,84673.2,84725.0,84650.6,84697.7,71.691,6071296.4678
2026-10-03 22:05:00+00:00,84697.7,84739.7,84692.8,84708.8,71.319,6042277.2573
2026-10-03 22:10:00+00:00,84708.8,84749.4,84708.7,84741.6,35.092,2973548.5846
2026-10-03 22:15:00+00:00,84741.6,84746.1,84691.0,84729.7,117.474,9953051.2764
2026-10-03 22:20:00+00:00,84729.7,84736.2,84724.6,84736.2,22.995,1948432.9975
2026-10-03 22:25:00+00:00,84736.2,84745.2,84715.6,84728.8,38.305,3245733.7635
2026-10-03 22:30:00+00:00,84728.8,84740.5,84728.7,84740.5,5.33,451611.6797
2026-10-03 22:35:00+00:00,84740.5,84760.2,84740.4,84755.6,32.716,2772745.3958
2026-10-03 22:40:00+00:00,84755.6,84758.6,84754.5,84754.6,11.329,960205.2306
2026-10-03 22:45:00+00:00,84754.6,84763.2,84754.5,84755.8,20.292,1719874.3233
2026-10-03 22:50:00+00:00,84755.8,84768.5,84749.0,84749.0,42.03,3562273.8613
2026-10-03 22:55:00+00:00,84749.0,84758.4,84727.0,84727.0,30.5,2584694.4605
2026-10-03 23:00:00+00:00,84727.0,84751.5,84727.0,84735.6,20.803,1762876.7583
2026-10-03 23:05:00+00:00,84735.6,84737.5,84714.0,84721.7,21.019,1780716.2908
2026-10-03 23:10:00+00:00,84721.7,84721.8,84716.2,84719.0,19.298,1634912.7169
2026-10-03 23:15:00+00:00,84719.0,84726.3,84714.0,84720.1,14.086,1193356.0326
2026-10-03 23:20:00+00:00,84720.1,84765.0,84720.0,84765.0,25.161,2131950.0378
2026-10-03 23:25:00+00:00,84765.0,84771.4,84700.0,84707.1,132.638,11239680.8599
2026-10-03 23:30:00+00:00,84707.1,84742.4,84704.8,84742.4,24.213,2051222.3843
2026-10-03 23:35:00+00:00,84742.4,84756.5,84728.8,84756.5,8.356,708088.9596
2026-10-03 23:40:00+00:00,84756.5,84760.6,84752.0,84752.1,8.075,684412.1608
2026-10-03 23:45:00+00:00,84752.1,84752.2,84744.3,84744.4,4.305,364854.7128
2026-10-03 23:50:00+00:00,84744.4,84744.4,84673.3,84695.0,40.641,3442942.6273
2026-10-03 23:55:00+00:00,84695.0,84761.8,84694.9,84716.5,298.908,25326824.1108
2026-10-04 00:00:00+00:00,84716.5,84800.0,84716.5,84778.2,145.697,12351255.3182
2026-10-04 00:05:00+00:00,84778.2,84800.0,84767.4,84767.4,71.554,6066908.2133
2026-10-04 00:10:00+00:00,84767.4,84787.1,84767.4,84786.1,11.055,937233.1439
2026-10-04 00:15:00+00:00,84786.1,84808.4,84780.1,84808.4,18.457,1565114.9283
2026-10-04 00:20:00+00:00,84808.4,84831.5,84806.5,84821.0,56.851,4822172.7736
2026-10-04 00:25:00+00:00,84821.0,84832.8,84771.7,84772.0,84.519,7167577.528
2026-10-04 00:30:00+00:00,84772.0,84801.6,84771.7,84801.5,71.806,6087626.4938
2026-10-04 00:35:00+00:00,84801.5,84815.7,84776.4,84781.8,66.02,5598270.6699
2026-10-04 00:40:00+00:00,84781.8,84781.9,84763.1,84763.1,23.186,1965448.566
2026-10-04 00:45:00+00:00,84763.1,84791.7,84758.3,84791.6,23.267,1972362.8795
2026-10-04 00:50:00+00:00,84791.6,84811.9,84780.9,84780.9,30.135,2555334.3814
2026-10-04 00:55:00+00:00,84780.9,84781.0,84731.4,84760.2,67.314,5704900.2489
2026-10-04 01:00:00+00:00,84760.2,84783.3,84730.8,84730.8,19.094,1618534.6106
2026-10-04 01:05:00+00:00,84730.8,84763.0,84730.8,84740.1,38.832,3290783.0193
2026-10-04 01:10:00+00:00,84740.1,84774.6,84737.4,84737.6,38.708,3280476.1576
2026-10-04 01:15:00+00:00,84737.6,84737.7,84670.6,84683.8,51.822,4389206.3032
2026-10-04 01:20:00+00:00,84683.8,84702.9,84671.7,84693.9,25.181,2132587.1854
2026-10-04 01:25:00+00:00,84693.9,84709.0,84693.9,84708.9,11.394,965121.6625
2026-10-04 01:30:00+00:00,84708.9,84739.8,84708.9,84739.8,15.45,1308928.7449
2026-10-04 01:35:00+00:00,84739.8,84765.0,84735.0,84743.4,52.428,4443326.9497
2026-10-04 01:40:00+00:00,84743.4,84746.0,84737.9,84741.7,11.165,946181.548
2026-10-04 01:45:00+00:00,84741.7,84741.8,84740.1,84740.6,6.524,552850.2355
2026-10-04 01:50:00+00:00,84740.6,84779.6,84740.5,84773.1,14.987,1270295.5982
2026-10-04 01:55:00+00:00,84773.1,84773.1,84760.2,84768.0,21.547,1826455.6697
2026-10-04 02:00:00+00:00,84768.0,84810.6,84767.9,84810.6,31.548,2674822.8402
2026-10-04 02:05:00+00:00,84810.6,84842.1,84775.1,84777.2,34.188,2899477.4726
2026-10-04 02:10:00+00:00,84777.2,84813.0,84764.8,84781.3,68.263,5788160.924
2026-10-04 02:15:00+00:00,84781.3,84797.6,84753.3,84792.1,17.831,1511519.0906
2026-10-04 02:20:00+00:00,84792.1,84831.9,84791.8,84796.7,16.733,1419160.0748
2026-10-04 02:25:00+00:00,84796.7,84798.0,84772.3,84798.0,22.771,1930544.1022
2026-10-04 02:30:00+00:00,84798.0,84815.1,84772.6,84781.3,32.342,2742542.3046
2026-10-04 02:35:00+00:00,84781.3,84784.0,84764.3,84777.0,20.431,1731939.2536
2026-10-04 02:40:00+00:00,84777.0,84777.0,84747.7,84759.9,31.254,2649079.2617
2026-10-04 02:45:00+00:00,84759.9,84768.4,84740.0,84765.1,19.984,1693609.9127
2026-10-04 02:50:00+00:00,84765.1,84765.2,84753.6,84762.2,12.063,1022446.0733
2026-10-04 02:55:00+00:00,84762.2,84773.1,84762.1,84766.0,6.915,586158.0941
2026-10-04 03:00:00+00:00,84766.0,84766.1,84763.7,84763.8,2.877,243865.9166
2026-10-04 03:05:00+00:00,84763.8,84769.7,84763.7,84769.6,3.177,269297.1834
2026-10-04 03:10:00+00:00,84769.6,84770.0,84764.5,84769.9,8.854,750514.8882
2026-10-04 03:15:00+00:00,84769.9,84771.5,84764.3,84765.1,6.282,532508.3633
2026-10-04 03:20:00+00:00,84765.1,84786.0,84763.4,84786.0,33.765,2862571.4064
2026-10-04 03:25:00+00:00,84786.0,84786.0,84756.5,84756.6,32.448,2750755.7503
2026-10-04 03:30:00+00:00,84756.6,84811.3,84754.4,84811.3,18.717,1586710.6003
2026-10-04 03:35:00+00:00,84811.3,84834.9,84780.6,84809.8,54.741,4643170.1227
2026-10-04 03:40:00+00:00,84809.8,84853.2,84809.7,84837.6,43.776,3713931.3677
2026-10-04 03:45:00+00:00,84837.6,84837.6,84821.8,84824.7,17.557,1489296.2218
2026-10-04 03:50:00+00:00,84824.7,84824.7,84797.4,84797.4,7.478,634257.2156
2026-10-04 03:55:00+00:00,84797.4,84797.5,84796.5,84796.6,5.686,482156.009
2026-10-04 04:00:00+00:00,84796.6,84810.0,84796.5,84801.6,10.004,848341.9898
2026-10-04 04:05:00+00:00,84801.6,84801.7,84782.7,84782.8,10.334,876281.9136
2026-10-04 04:10:00+00:00,84782.8,84782.8,84775.6,84775.7,5.717,484683.0412
2026-10-04 04:15:00+00:00,84775.7,84775.7,84769.7,84771.5,5.26,445900.4612
2026-10-04 04:20:00+00:00,84771.5,84780.8,84771.4,84780.7,10.969,929920.2016
2026-10-04 04:25:00+00:00,84780.7,84780.8,84780.7,84780.8,2.069,175411.417
2026-10-04 04:30:00+00:00,84780.8,84780.8,84780.5,84780.5,5.263,446201.0627
2026-10-04 04:35:00+00:00,84780.5,84780.6,84780.5,84780.6,1.936,164135.1288
2026-10-04 04:40:00+00:00,84780.6,84780.6,84780.5,84780.6,3.792,321487.9302
2026-10-04 04:45:00+00:00,84780.6,84780.6,84780.5,84780.5,2.029,172019.7768
2026-10-04 04:50:00+00:00,84780.5,84780.6,84780.5,84780.6,2.593,219835.9507
2026-10-04 04:55:00+00:00,84780.6,84780.6,84774.5,84774.6,4.91,416250.859
2026-10-04 05:00:00+00:00,84774.6,84800.0,84774.5,84793.5,35.974,3050224.3215
2026-10-04 05:05:00+00:00,84793.5,84815.0,84793.5,84799.8,39.177,3322422.7775
2026-10-04 05:10:00+00:00,84799.8,84799.9,84788.9,84789.3,16.517,1400544.6836
2026-10-04 05:15:00+00:00,84789.3,84833.2,84789.3,84806.0,43.121,3656995.6881
2026-10-04 05:20:00+00:00,84806.0,84833.8,84797.5,84833.8,19.41,1646243.9022
2026-10-04 05:25:00+00:00,84833.8,84834.0,84820.7,84820.8,17.596,1492638.2579
2026-10-04 05:30:00+00:00,84820.8,84839.4,84820.7,84839.3,13.694,1161646.7923
2026-10-04 05:35:00+00:00,84839.3,84866.0,84839.3,84857.6,35.973,3052470.1781
2026-10-04 05:40:00+00:00,84857.6,84889.8,84857.6,84881.5,29.5,2503602.0241
2026-10-04 05:45:00+00:00,84881.5,84882.1,84863.9,84870.0,31.607,2682698.1034
2026-10-04 05:50:00+00:00,84870.0,84899.5,84870.0,84894.2,71.567,6075097.0694
2026-10-04 05:55:00+00:00,84894.2,84894.3,84870.0,84870.1,28.512,2420115.8798
2026-10-04 06:00:00+00:00,84870.1,84885.2,84870.0,84876.8,14.426,1224459.8791
2026-10-04 06:05:00+00:00,84876.8,84884.0,84876.7,84884.0,10.95,929443.0921
2026-10-04 06:10:00+00:00,84884.0,84884.0,84870.1,84873.4,21.611,1834259.2133
2026-10-04 06:15:00+00:00,84873.4,84897.9,84873.3,84897.9,10.64,903159.898
2026-10-04 06:20:00+00:00,84897.9,85026.0,84897.9,84917.0,359.457,30541543.8962
2026-10-04 06:25:00+00:00,84917.0,84923.3,84832.3,84907.5,119.06,10105056.0248
2026-10-04 06:30:00+00:00,84907.5,84980.0,84877.0,84969.3,175.501,14905946.8122
2026-10-04 06:35:00+00:00,84969.3,84995.1,84933.1,84942.2,44.73,3800502.6468
2026-10-04 06:40:00+00:00,84942.2,84942.3,84910.1,84921.9,38.591,3277403.6297
2026-10-04 06:45:00+00:00,84921.9,84959.4,84920.0,84957.2,15.547,1320559.1961
2026-10-04 06:50:00+00:00,84957.2,85034.0,84952.5,85025.0,60.564,5147989.7247
2026-10-04 06:55:00+00:00,85025.0,85025.0,84983.0,84983.1,46.86,3983405.8773
2026-10-04 07:00:00+00:00,84983.1,84986.1,84971.8,84976.5,18.735,1592081.5711
2026-10-04 07:05:00+00:00,84976.5,84976.5,84966.8,84966.9,18.675,1586851.1852
2026-10-04 07:10:00+00:00,84966.9,84967.0,84948.9,84949.0,20.075,1705552.0269
2026-10-04 07:15:00+00:00,84949.0,84949.0,84886.5,84890.1,40.499,3438847.0409
2026-10-04 07:20:00+00:00,84890.1,84950.0,84890.1,84950.0,54.383,4618022.8816
2026-10-04 07:25:00+00:00,84950.0,84969.0,84930.2,84930.3,23.753,2017873.7138
2026-10-04 07:30:00+00:00,84930.3,84930.3,84885.3,84885.3,33.993,2886193.0843
2026-10-04 07:35:00+00:00,84885.3,84919.5,84885.3,84896.6,41.54,3526772.1827
2026-10-04 07:40:00+00:00,84896.6,84936.5,84896.6,84936.4,17.248,1464803.1532
2026-10-04 07:45:00+00:00,84936.4,84980.0,84936.4,84980.0,50.751,4312123.22
2026-10-04 07:50:00+00:00,84980.0,85021.3,84979.9,84989.7,84.813,7208936.0971
2026-10-04 07:55:00+00:00,84989.7,85078.9,84979.9,85075.9,183.499,15603773.8048
2026-10-04 08:00:00+00:00,85075.9,85159.2,85066.8,85082.4,267.122,22735696.7723
2026-10-04 08:05:00+00:00,85082.4,85116.3,85050.0,85087.2,105.054,8938437.3871
2026-10-04 08:10:00+00:00,85087.2,85139.3,85087.2,85101.4,78.83,6710309.4344
2026-10-04 08:15:00+00:00,85101.4,85116.0,85083.8,85090.2,114.699,9761183.6453
2026-10-04 08:20:00+00:00,85090.2,85126.1,85083.7,85115.6,119.407,10162088.2035
2026-10-04 08:25:00+00:00,85115.6,85169.9,85103.3,85105.4,145.564,12394347.8488
2026-10-04 08:30:00+00:00,85105.4,85111.9,85015.2,85047.0,99.063,8425558.8804
2026-10-04 08:35:00+00:00,85047.0,85050.0,84998.1,84999.9,42.185,3586619.5984
2026-10-04 08:40:00+00:00,84999.9,85049.2,84999.9,85048.8,33.823,2876310.7301
2026-10-04 08:45:00+00:00,85048.8,85088.9,85042.0,85080.6,34.501,2934962.1
2026-10-04 08:50:00+00:00,85080.6,85083.1,85057.0,85060.5,33.575,2856281.0865
2026-10-04 08:55:00+00:00,85060.5,85071.1,85060.5,85065.0,12.76,1085415.5914
2026-10-04 09:00:00+00:00,85065.0,85065.0,85027.9,85027.9,12.511,1063931.5259
2026-10-04 09:05:00+00:00,85027.9,85098.2,85020.0,85098.1,42.845,3643594.4641
2026-10-04 09:10:00+00:00,85098.1,85100.0,85098.1,85099.3,14.802,1259637.7685
2026-10-04 09:15:00+00:00,85099.3,85144.3,85099.3,85137.2,48.341,4114832.6379
2026-10-04 09:20:00+00:00,85137.2,85195.1,85123.8,85165.8,91.724,7811016.9431
2026-10-04 09:25:00+00:00,85165.8,85253.3,85155.7,85227.6,216.684,18463933.0509
2026-10-04 09:30:00+00:00,85227.6,85261.4,85180.0,85180.0,107.201,9136271.4692
2026-10-04 09:35:00+00:00,85180.0,85200.0,85149.5,85197.1,95.79,8158195.0297
2026-10-04 09:40:00+00:00,85197.1,85267.1,85197.0,85233.7,104.442,8902741.3796
2026-10-04 09:45:00+00:00,85233.7,85299.0,85233.7,85236.2,204.786,17461844.2941
2026-10-04 09:50:00+00:00,85236.2,85241.8,85196.2,85215.1,74.514,6349577.7924
2026-10-04 09:55:00+00:00,85215.1,85227.3,85180.7,85197.0,48.174,4104651.5792
2026-10-04 10:00:00+00:00,85197.0,85240.7,85184.4,85236.0,62.635,5337425.6911
2026-10-04 10:05:00+00:00,85236.0,85249.9,85203.2,85203.3,39.777,3389901.522
2026-10-04 10:10:00+00:00,85203.3,85229.2,85183.0,85229.2,50.752,4323915.6837
2026-10-04 10:15:00+00:00,85229.2,85394.6,85229.2,85340.6,208.735,17811092.2024
2026-10-04 10:20:00+00:00,85340.6,85363.8,85310.7,85342.0,99.915,8526265.6464
2026-10-04 10:25:00+00:00,85342.0,85400.0,85336.9,85337.0,186.64,15933522.9917
2026-10-04 10:30:00+00:00,85337.0,85369.2,85295.0,85295.0,81.467,6952060.3985
2026-10-04 10:35:00+00:00,85295.0,85295.1,85257.0,85276.8,56.242,4796075.4294
2026-10-04 10:40:00+00:00,85276.8,85313.4,85260.4,85301.4,77.413,6602162.5088
2026-10-04 10:45:00+00:00,85301.4,85307.0,85272.8,85295.9,36.84,3142169.7771
2026-10-04 10:50:00+00:00,85295.9,85295.9,85287.0,85292.7,19.988,1704861.2542
2026-10-04 10:55:00+00:00,85292.7,85299.9,85216.5,85228.0,45.735,3899593.3261
2026-10-04 11:00:00+00:00,85228.0,85235.9,85178.4,85178.4,90.629,7721380.4249
2026-10-04 11:05:00+00:00,85178.4,85244.0,85178.4,85230.3,41.798,3562269.8912
2026-10-04 11:10:00+00:00,85230.3,85239.3,85229.0,85234.4,24.416,2081110.4377
2026-10-04 11:15:00+00:00,85234.4,85255.0,85234.3,85238.0,14.793,1261061.338
2026-10-04 11:20:00+00:00,85238.0,85261.9,85238.0,85253.0,16.279,1387746.2431
2026-10-04 11:25:00+00:00,85253.0,85289.3,85252.9,85280.9,25.533,2177341.7034
2026-10-04 11:30:00+00:00,85280.9,85289.3,85265.4,85274.7,24.324,2074281.7978
2026-10-04 11:35:00+00:00,85274.7,85274.7,85229.6,85229.6,19.337,1648450.6802
2026-10-04 11:40:00+00:00,85229.6,85253.1,85229.6,85233.1,48.504,4134476.9584
2026-10-04 11:45:00+00:00,85233.1,85245.2,85221.2,85240.3,63.387,5402773.5577
2026-10-04 11:50:00+00:00,85240.3,85272.0,85240.3,85271.2,22.628,1929172.9034
2026-10-04 11:55:00+00:00,85271.2,85273.2,85259.9,85273.1,42.258,3603118.4867
2026-10-04 12:00:00+00:00,85273.1,85316.8,85273.1,85298.8,78.551,6700354.9343
2026-10-04 12:05:00+00:00,85298.8,85339.4,85298.8,85334.1,42.134,3595113.5507
2026-10-04 12:10:00+00:00,85334.1,85356.0,85195.4,85195.4,108.656,9263822.3554
2026-10-04 12:15:00+00:00,85195.4,85226.0,85133.1,85215.8,200.929,17113650.1014
2026-10-04 12:20:00+00:00,85215.8,85270.3,85211.5,85254.1,118.717,10120632.3772
2026-10-04 12:25:00+00:00,85254.1,85262.6,85230.0,85235.2,41.575,3544235.7958
2026-10-04 12:30:00+00:00,85235.2,85267.0,85218.9,85241.9,76.411,6513557.5903
2026-10-04 12:35:00+00:00,85241.9,85241.9,85210.3,85210.4,26.833,2286760.9806
2026-10-04 12:40:00+00:00,85210.4,85212.3,85165.3,85165.3,41.767,3558589.0937
2026-10-04 12:45:00+00:00,85165.3,85187.8,85109.7,85123.2,172.347,14674136.3255
2026-10-04 12:50:00+00:00,85123.2,85140.6,85077.0,85107.0,112.091,9539812.8557
2026-10-04 12:55:00+00:00,85107.0,85114.5,85053.8,85088.8,132.467,11270940.5152
2026-10-04 13:00:00+00:00,85088.8,85107.4,85077.0,85092.8,74.766,6361847.5972
2026-10-04 13:05:00+00:00,85092.8,85128.6,85088.6,85088.6,94.076,8006806.8295
2026-10-04 13:10:00+00:00,85088.6,85134.0,85088.6,85134.0,35.478,3019605.6478
2026-10-04 13:15:00+00:00,85134.0,85173.2,85131.0,85131.0,47.968,4084817.0313
2026-10-04 13:20:00+00:00,85131.0,85169.0,85131.0,85168.9,19.234,1637765.6032
2026-10-04 13:25:00+00:00,85168.9,85194.9,85168.9,85194.7,54.864,4673424.8038
2026-10-04 13:30:00+00:00,85194.7,85225.7,85194.6,85219.6,32.144,2739093.486
2026-10-04 13:35:00+00:00,85219.6,85286.2,85185.1,85212.5,120.962,10311747.1718
2026-10-04 13:40:00+00:00,85212.5,85221.1,85162.3,85193.0,66.32,5649832.0802
2026-10-04 13:45:00+00:00,85193.0,85268.8,85172.3,85266.9,101.476,8646465.3772
2026-10-04 13:50:00+00:00,85266.9,85267.0,85219.4,85219.4,32.009,2728337.4384
2026-10-04 13:55:00+00:00,85219.4,85219.5,85201.0,85205.4,14.865,1266638.8926
2026-10-04 14:00:00+00:00,85205.4,85211.2,85179.9,85200.2,41.433,3530088.6813
2026-10-04 14:05:00+00:00,85200.2,85211.5,85163.7,85176.8,35.068,2987255.2563
2026-10-04 14:10:00+00:00,85176.8,85182.1,85124.0,85180.7,81.705,6957233.0836
2026-10-04 14:15:00+00:00,85180.7,85180.8,85124.0,85124.0,30.95,2635598.1619
2026-10-04 14:20:00+00:00,85124.0,85132.3,85093.2,85132.3,87.082,7411272.2643
2026-10-04 14:25:00+00:00,85132.3,85160.1,85131.0,85141.4,38.838,3306959.2164
2026-10-04 14:30:00+00:00,85141.4,85159.2,85139.6,85146.2,38.425,3271957.1799
2026-10-04 14:35:00+00:00,85146.2,85165.7,85096.4,85096.5,62.622,5331891.7631
2026-10-04 14:40:00+00:00,85096.5,85101.1,85079.2,85082.3,73.466,6251230.2908
2026-10-04 14:45:00+00:00,85082.3,85107.9,85050.0,85095.1,107.493,9144666.123
2026-10-04 14:50:00+00:00,85095.1,85213.1,85095.1,85209.0,58.245,4960786.3423
2026-10-04 14:55:00+00:00,85209.0,85250.0,85199.9,85247.6,49.643,4231033.8356
2026-10-04 15:00:00+00:00,85247.6,85333.6,85235.7,85295.0,107.619,9178924.4854
2026-10-04 15:05:00+00:00,85295.0,85295.0,85196.9,85221.3,49.788,4243981.5527
2026-10-04 15:10:00+00:00,85221.3,85313.7,85221.3,85313.7,94.705,8075828.1569
2026-10-04 15:15:00+00:00,85313.7,85450.0,85298.3,85403.9,305.074,26047745.6381
2026-10-04 15:20:00+00:00,85403.9,85450.0,85305.2,85309.0,257.522,21993054.7492
2026-10-04 15:25:00+00:00,85309.0,85319.3,85222.1,85264.3,227.657,19411166.5904
2026-10-04 15:30:00+00:00,85264.3,85277.7,85244.2,85256.0,27.43,2338691.8905
2026-10-04 15:35:00+00:00,85256.0,85269.6,85231.0,85269.6,38.856,3312422.3671
2026-10-04 15:40:00+00:00,85269.6,85307.7,85269.5,85301.8,21.639,1845719.4719
2026-10-04 15:45:00+00:00,85301.8,85366.3,85292.4,85303.5,43.229,3688502.7313
2026-10-04 15:50:00+00:00,85303.5,85308.0,85288.0,85288.1,18.215,1553736.6464
2026-10-04 15:55:00+00:00,85288.1,85288.1,85205.4,85205.4,35.632,3037728.8926
2026-10-04 16:00:00+00:00,85205.4,85233.0,85145.3,85146.0,123.567,10526158.0498
2026-10-04 16:05:00+00:00,85146.0,85223.1,85134.3,85223.0,49.966,4255358.7009
2026-10-04 16:10:00+00:00,85223.0,85264.8,85212.5,85253.4,39.005,3324831.8323
2026-10-04 16:15:00+00:00,85253.4,85271.5,85226.2,85226.3,16.417,1399537.3164
2026-10-04 16:20:00+00:00,85226.3,85229.7,85160.2,85201.0,44.857,3821586.5791
2026-10-04 16:25:00+00:00,85201.0,85216.7,85179.5,85205.5,11.651,992566.1666
2026-10-04 16:30:00+00:00,85205.5,85264.3,85205.5,85261.5,30.906,2634441.426
2026-10-04 16:35:00+00:00,85261.5,85311.8,85261.4,85279.4,55.277,4714103.4039
2026-10-04 16:40:00+00:00,85279.4,85310.8,85279.4,85307.6,78.449,6691318.5264
2026-10-04 16:45:00+00:00,85307.6,85400.0,85290.1,85397.1,150.39,12836083.4971
2026-10-04 16:50:00+00:00,85397.1,85397.1,85316.0,85316.0,34.829,2972376.124
2026-10-04 16:55:00+00:00,85316.0,85344.0,85305.7,85328.4,21.526,1836715.4848
2026-10-04 17:00:00+00:00,85328.4,85356.7,85317.1,85356.7,37.755,3221993.2095
2026-10-04 17:05:00+00:00,85356.7,85356.7,85300.0,85300.5,38.225,3261679.0026
2026-10-04 17:10:00+00:00,85300.5,85300.6,85269.8,85276.6,84.208,7181664.5161
2026-10-04 17:15:00+00:00,85276.6,85302.3,85275.5,85289.7,78.022,6654210.4895
2026-10-04 17:20:00+00:00,85289.7,85314.8,85281.4,85306.3,34.594,2950582.4761
2026-10-04 17:25:00+00:00,85306.3,85356.7,85306.3,85339.1,72.949,6224986.2222
2026-10-04 17:30:00+00:00,85339.1,85356.5,85315.9,85323.9,47.759,4076302.2085
2026-10-04 17:35:00+00:00,85323.9,85333.8,85289.0,85289.0,30.964,2641698.3434
2026-10-04 17:40:00+00:00,85289.0,85392.5,85289.0,85392.5,85.477,7294751.8795
2026-10-04 17:45:00+00:00,85392.5,85424.0,85346.8,85349.5,237.276,20264385.3739
2026-10-04 17:50:00+00:00,85349.5,85362.0,85289.0,85299.3,59.176,5049067.873
2026-10-04 17:55:00+00:00,85299.3,85320.7,85283.0,85283.0,67.149,5728010.2999
2026-10-04 18:00:00+00:00,85283.0,85300.0,85281.8,85299.9,50.196,4281117.6346
2026-10-04 18:05:00+00:00,85299.9,85311.2,85272.0,85272.0,24.27,2069959.7761
2026-10-04 18:10:00+00:00,85272.0,85294.8,85272.0,85294.7,22.834,1947391.977
2026-10-04 18:15:00+00:00,85294.7,85308.3,85283.0,85283.0,23.894,2038092.4069
2026-10-04 18:20:00+00:00,85283.0,85283.1,85283.0,85283.0,5.003,426670.9354
2026-10-04 18:25:00+00:00,85283.0,85295.4,85264.3,85295.4,72.286,6164244.3717
2026-10-04 18:30:00+00:00,85295.4,85314.3,85282.4,85284.0,20.974,1789142.8252
2026-10-04 18:35:00+00:00,85284.0,85296.6,85276.7,85284.6,24.459,2086036.2269
2026-10-04 18:40:00+00:00,85284.6,85318.9,85284.6,85317.2,32.414,2765258.7049
2026-10-04 18:45:00+00:00,85317.2,85320.1,85291.4,85308.7,16.106,1374096.3563
2026-10-04 18:50:00+00:00,85308.7,85318.0,85308.6,85317.9,6.044,515627.2073
2026-10-04 18:55:00+00:00,85317.9,85332.4,85289.6,85298.9,24.941,2127899.9972
2026-10-04 19:00:00+00:00,85298.9,85361.9,85298.9,85349.2,47.135,4021744.354
2026-10-04 19:05:00+00:00,85349.2,85379.8,85334.8,85350.0,80.644,6883285.9279
2026-10-04 19:10:00+00:00,85350.0,85352.5,85348.6,85348.7,5.479,467628.8987
2026-10-04 19:15:00+00:00,85348.7,85361.5,85348.7,85358.5,29.298,2500776.7527
2026-10-04 19:20:00+00:00,85358.5,85363.0,85347.3,85362.9,23.271,1986283.4423
2026-10-04 19:25:00+00:00,85362.9,85449.7,85358.6,85430.0,72.429,6186393.1434
2026-10-04 19:30:00+00:00,85430.0,85554.5,85430.0,85509.0,402.619,34421787.7152
2026-10-04 19:35:00+00:00,85509.0,85514.8,85431.8,85445.7,51.998,4444039.4338
2026-10-04 19:40:00+00:00,85445.7,85445.8,85355.2,85400.0,183.905,15703128.7395
2026-10-04 19:45:00+00:00,85400.0,85418.0,85380.3,85417.9,35.396,3022627.8691
2026-10-04 19:50:00+00:00,85417.9,85420.8,85379.2,85389.7,77.492,6617790.7514
2026-10-04 19:55:00+00:00,85389.7,85399.0,85385.1,85385.1,19.118,1632509.8489
2026-10-04 20:00:00+00:00,85385.1,85407.8,85354.1,85372.2,100.612,8590095.2161
2026-10-04 20:05:00+00:00,85372.2,85372.2,85350.3,85350.3,29.915,2553415.6619
2026-10-04 20:10:00+00:00,85350.3,85412.7,85350.3,85407.5,75.717,6464894.9347
2026-10-04 20:15:00+00:00,85407.5,85455.5,85407.5,85450.4,97.82,8356409.4969
2026-10-04 20:20:00+00:00,85450.4,85456.0,85428.8,85430.8,12.888,1101199.1481
2026-10-04 20:25:00+00:00,85430.8,85434.8,85402.2,85434.8,45.881,3919175.9922
2026-10-04 20:30:00+00:00,85434.8,85535.8,85402.5,85535.8,141.707,12111079.3924
2026-10-04 20:35:00+00:00,85535.8,85630.0,85526.8,85563.2,424.585,36337607.2176
2026-10-04 20:40:00+00:00,85563.2,85744.8,85560.2,85721.7,258.727,22166784.6016
2026-10-04 20:45:00+00:00,85721.7,85843.8,85668.7,85784.9,476.244,40847597.5222
2026-10-04 20:50:00+00:00,85784.9,85838.1,85731.3,85779.8,127.286,10919346.3641
2026-10-04 20:55:00+00:00,85779.8,85826.0,85769.3,85795.4,101.362,8695999.5088
2026-10-04 21:00:00+00:00,85795.4,85864.0,85742.4,85791.9,183.716,15765284.0628
2026-10-04 21:05:00+00:00,85791.9,85866.2,85788.6,85839.0,79.217,6799122.2457
2026-10-04 21:10:00+00:00,85839.0,86041.9,85839.0,85990.2,822.361,70699623.9765
2026-10-04 21:15:00+00:00,85990.2,86036.9,85930.8,85961.1,192.378,16541297.1006
2026-10-04 21:20:00+00:00,85961.1,85964.2,85744.6,85833.0,386.931,33202289.4299
2026-10-04 21:25:00+00:00,85833.0,85868.4,85768.2,85791.3,116.114,9965599.1861
2026-10-04 21:30:00+00:00,85791.3,85863.5,85784.9,85859.1,140.181,12030417.5439
2026-10-04 21:35:00+00:00,85859.1,85962.3,85853.3,85934.0,156.159,13417015.764
2026-10-04 21:40:00+00:00,85934.0,85974.3,85924.0,85949.6,132.852,11418334.3432
2026-10-04 21:45:00+00:00,85949.6,86034.1,85891.8,85930.4,141.711,12184427.8432
2026-10-04 21:50:00+00:00,85930.4,85935.0,85825.1,85825.1,124.897,10729573.1094
2026-10-04 21:55:00+00:00,85825.1,85905.3,85767.7,85826.4,127.226,10920034.9649
2026-10-04 22:00:00+00:00,85826.4,86249.4,85826.4,86160.0,1169.537,100712879.4816
2026-10-04 22:05:00+00:00,86160.0,86297.7,86007.6,86195.6,472.354,40711632.375
2026-10-04 22:10:00+00:00,86195.6,86316.7,86140.7,86302.7,274.322,23661208.9544
2026-10-04 22:15:00+00:00,86302.7,86676.6,86260.7,86586.7,1541.277,133341116.9827
2026-10-04 22:20:00+00:00,86586.7,86647.8,86431.0,86453.3,418.129,36185823.7185
2026-10-04 22:25:00+00:00,86453.3,86482.2,86194.9,86210.0,570.935,49286561.1581
2026-10-04 22:30:00+00:00,86210.0,86386.7,86184.7,86349.7,335.473,28945278.2964
2026-10-04 22:35:00+00:00,86349.7,86464.4,86280.0,86283.0,292.792,25294827.4257
2026-10-04 22:40:00+00:00,86283.0,86443.3,86266.7,86335.0,135.723,11724808.2595
2026-10-04 22:45:00+00:00,86335.0,86350.0,86276.6,86286.2,99.848,8618351.3438
2026-10-04 22:50:00+00:00,86286.2,86421.5,86260.0,86402.7,117.875,10177211.2691
2026-10-04 22:55:00+00:00,86402.7,86430.4,86355.8,86400.0,105.748,9136127.2087
2026-10-04 23:00:00+00:00,86400.0,86456.0,86354.9,86453.0,133.888,11568886.7073
2026-10-04 23:05:00+00:00,86453.0,86490.2,86415.4,86451.2,104.243,9013020.0621
2026-10-04 23:10:00+00:00,86451.2,86611.8,86451.2,86543.6,385.771,33383220.1539
2026-10-04 23:15:00+00:00,86543.6,86662.1,86486.2,86564.4,384.703,33314271.8503
2026-10-04 23:20:00+00:00,86564.4,86640.4,86550.0,86564.1,333.238,28854877.9074
2026-10-04 23:25:00+00:00,86564.1,86773.9,86564.1,86645.4,405.829,35189798.2724
2026-10-04 23:30:00+00:00,86645.4,86686.5,86515.4,86515.4,145.787,12624468.3875
2026-10-04 23:35:00+00:00,86515.4,86515.5,86385.0,86425.0,256.458,22168962.3688
2026-10-04 23:40:00+00:00,86425.0,86499.0,86391.5,86498.9,108.214,9354283.9561
2026-10-04 23:45:00+00:00,86498.9,86515.2,86425.6,86498.7,112.34,9714617.2081
2026-10-04 23:50:00+00:00,86498.7,86523.0,86358.2,86436.7,146.518,12662816.9604
2026-10-04 23:55:00+00:00,86436.7,86503.1,86423.3,86486.7,135.355,11702517.1929
2026-10-05 00:00:00+00:00,86486.7,86486.7,86284.9,86415.5,374.465,32334277.3474
2026-10-05 00:05:00+00:00,86415.5,86481.8,86355.0,86355.0,175.148,15136768.3135
2026-10-05 00:10:00+00:00,86355.0,86477.4,86282.4,86327.4,122.497,10580404.5888
2026-10-05 00:15:00+00:00,86327.4,86457.7,86315.7,86457.7,75.649,6536871.2138
2026-10-05 00:20:00+00:00,86457.7,86459.3,86310.0,86325.5,96.412,8328756.2553
2026-10-05 00:25:00+00:00,86325.5,86325.5,86227.9,86239.9,178.805,15424972.2248
2026-10-05 00:30:00+00:00,86239.9,86251.7,86159.5,86212.2,178.304,15369963.1502
2026-10-05 00:35:00+00:00,86212.2,86369.9,86194.9,86367.6,222.694,19213250.6825
2026-10-05 00:40:00+00:00,86367.6,86600.0,86367.6,86591.5,489.123,42311640.4944
2026-10-05 00:45:00+00:00,86591.5,86608.6,86477.3,86587.8,366.029,31682905.4207
2026-10-05 00:50:00+00:00,86587.8,86663.7,86541.2,86563.6,246.431,21340373.5209
2026-10-05 00:55:00+00:00,86563.6,86685.0,86539.6,86619.0,91.657,7940407.4927
2026-10-05 01:00:00+00:00,86619.0,86619.0,86433.6,86558.9,221.108,19128097.943
2026-10-05 01:05:00+00:00,86558.9,86594.0,86445.5,86497.1,110.002,9519254.4725
2026-10-05 01:10:00+00:00,86497.1,86730.1,86491.2,86724.1,186.902,16195022.4676
2026-10-05 01:15:00+00:00,86724.1,86825.8,86644.4,86739.3,478.782,41539763.6507
2026-10-05 01:20:00+00:00,86739.3,86873.8,86666.5,86825.8,295.627,25655427.9713
2026-10-05 01:25:00+00:00,86825.8,86986.5,86825.8,86917.7,475.934,41360987.093
2026-10-05 01:30:00+00:00,86917.7,86928.6,86632.3,86660.3,261.299,22660393.1651
2026-10-05 01:35:00+00:00,86660.3,86731.0,86605.3,86719.1,117.341,10169925.688
2026-10-05 01:40:00+00:00,86719.1,86764.8,86677.5,86696.2,79.274,6875417.7254
2026-10-05 01:45:00+00:00,86696.2,86736.1,86677.6,86687.5,67.758,5875089.7582
2026-10-05 01:50:00+00:00,86687.5,86687.5,86533.1,86553.9,183.697,15906717.6805
2026-10-05 01:55:00+00:00,86553.9,86602.1,86545.1,86579.0,64.392,5574783.1267
2026-10-05 02:00:00+00:00,86579.0,86668.8,86537.6,86633.6,136.096,11784251.9356
2026-10-05 02:05:00+00:00,86633.6,86692.3,86601.8,86687.9,117.912,10216849.8274
2026-10-05 02:10:00+00:00,86687.9,86699.9,86605.6,86622.7,104.176,9026858.782
2026-10-05 02:15:00+00:00,86622.7,86662.5,86513.9,86549.7,199.981,17313032.3014
2026-10-05 02:20:00+00:00,86549.7,86573.0,86494.0,86521.4,95.663,8277074.3893
2026-10-05 02:25:00+00:00,86521.4,86545.2,86457.8,86462.1,155.629,13462851.1451
2026-10-05 02:30:00+00:00,86462.1,86467.5,86364.5,86392.4,242.219,20931679.0942
2026-10-05 02:35:00+00:00,86392.4,86653.0,86392.3,86609.6,209.125,18099285.2429
2026-10-05 02:40:00+00:00,86609.6,86704.9,86587.6,86649.6,180.336,15626154.6642
2026-10-05 02:45:00+00:00,86649.6,86668.1,86533.4,86533.4,64.05,5547326.5955
2026-10-05 02:50:00+00:00,86533.4,86622.9,86524.2,86599.2,46.403,4016539.599
2026-10-05 02:55:00+00:00,86599.2,86599.3,86458.5,86493.6,70.649,6111787.06
2026-10-05 03:00:00+00:00,86493.6,86499.9,86428.4,86448.8,86.728,7498736.0111
2026-10-05 03:05:00+00:00,86448.8,86448.9,86349.6,86380.8,130.366,11263375.8787
2026-10-05 03:10:00+00:00,86380.8,86480.9,86369.6,86465.1,198.361,17146289.1905
2026-10-05 03:15:00+00:00,86465.1,86477.3,86370.0,86379.6,212.355,18349311.2578
2026-10-05 03:20:00+00:00,86379.6,86394.6,86262.3,86394.6,282.266,24361703.1813
2026-10-05 03:25:00+00:00,86394.6,86441.0,86394.6,86408.0,105.255,9096660.4074
2026-10-05 03:30:00+00:00,86408.0,86413.1,86306.8,86314.3,54.769,4729920.6041
2026-10-05 03:35:00+00:00,86314.3,86320.0,86213.4,86312.5,300.401,25915899.6406
2026-10-05 03:40:00+00:00,86312.5,86312.5,86215.0,86220.0,221.596,19113216.2981
2026-10-05 03:45:00+00:00,86220.0,86288.3,86220.0,86258.9,59.926,5168934.1292
2026-10-05 03:50:00+00:00,86258.9,86264.3,86196.0,86216.6,168.179,14500922.0698
2026-10-05 03:55:00+00:00,86216.6,86226.7,85960.5,86044.3,830.18,71440485.1336
2026-10-05 04:00:00+00:00,86044.3,86103.4,85978.1,86045.1,295.189,25396448.427
2026-10-05 04:05:00+00:00,86045.1,86100.0,85935.4,85988.0,170.826,14693543.6841
2026-10-05 04:10:00+00:00,85988.0,85997.7,85891.0,85924.6,206.475,17743251.8713
2026-10-05 04:15:00+00:00,85924.6,85926.9,85760.1,85833.0,417.057,35796411.4016
2026-10-05 04:20:00+00:00,85833.0,85847.3,85624.7,85833.1,691.055,59232306.9969
2026-10-05 04:25:00+00:00,85833.1,85918.8,85726.0,85743.2,404.208,34696633.1722
2026-10-05 04:30:00+00:00,85743.2,85766.6,85446.1,85545.0,804.961,68871921.0016
2026-10-05 04:35:00+00:00,85545.0,85623.6,85500.0,85540.7,364.299,31164179.1017
2026-10-05 04:40:00+00:00,85540.7,85608.4,85485.1,85572.6,202.618,17335052.2866
2026-10-05 04:45:00+00:00,85572.6,85657.9,85555.0,85599.3,209.83,17962690.1316
2026-10-05 04:50:00+00:00,85599.3,85599.4,85476.5,85501.3,182.141,15575680.1276
2026-10-05 04:55:00+00:00,85501.3,85553.0,85459.6,85494.5,161.745,13828054.1454
2026-10-05 05:00:00+00:00,85494.5,85525.4,85427.3,85474.7,179.811,15368407.8637
2026-10-05 05:05:00+00:00,85474.7,85564.2,85454.4,85529.3,153.813,13154699.8299
2026-10-05 05:10:00+00:00,85529.3,85546.8,85471.0,85475.0,205.36,17558510.4313
2026-10-05 05:15:00+00:00,85475.0,85486.9,85363.5,85469.1,297.297,25398212.2755
2026-10-05 05:20:00+00:00,85469.1,85488.2,85353.7,85436.6,190.903,16309921.5228
2026-10-05 05:25:00+00:00,85436.6,85520.0,85424.6,85491.5,188.448,16109556.684
2026-10-05 05:30:00+00:00,85491.5,85579.4,85403.8,85561.4,252.421,21583486.8851
2026-10-05 05:35:00+00:00,85561.4,85713.0,85545.3,85690.1,436.258,37366564.2969
2026-10-05 05:40:00+00:00,85690.1,85747.5,85610.9,85736.3,223.623,19158776.7734
2026-10-05 05:45:00+00:00,85736.3,85736.3,85656.0,85697.8,139.733,11974635.5824
2026-10-05 05:50:00+00:00,85697.8,85737.1,85686.3,85700.0,101.527,8701728.0964
2026-10-05 05:55:00+00:00,85700.0,85754.9,85695.5,85720.9,174.441,14954337.2617
2026-10-05 06:00:00+00:00,85720.9,85885.0,85716.7,85843.8,345.051,29613712.2865
2026-10-05 06:05:00+00:00,85843.8,85848.6,85776.4,85815.1,150.341,12899155.8943
2026-10-05 06:10:00+00:00,85815.1,85884.0,85787.0,85867.0,84.032,7213706.2976
2026-10-05 06:15:00+00:00,85867.0,86017.3,85867.0,85951.2,342.603,29448502.1649
2026-10-05 06:20:00+00:00,85951.2,85978.4,85859.9,85940.6,147.448,12667899.7586
2026-10-05 06:25:00+00:00,85940.6,85946.0,85831.0,85833.3,99.835,8574273.8521
2026-10-05 06:30:00+00:00,85833.3,85920.0,85805.0,85821.8,158.08,13571315.5807
2026-10-05 06:35:00+00:00,85821.8,85858.8,85805.0,85814.9,63.261,5429425.5964
2026-10-05 06:40:00+00:00,85814.9,85844.6,85764.0,85786.0,112.955,9691598.1449
2026-10-05 06:45:00+00:00,85786.0,86150.3,85780.3,86096.4,518.536,44618037.4443
2026-10-05 06:50:00+00:00,86096.4,86340.5,86008.4,86199.3,729.096,62836604.182
2026-10-05 06:55:00+00:00,86199.3,86282.6,86178.7,86216.4,189.155,16308320.6196
2026-10-05 07:00:00+00:00,86216.4,86256.9,86095.9,86232.4,365.652,31517239.0925
2026-10-05 07:05:00+00:00,86232.4,86389.6,86150.1,86323.3,409.504,35326154.1566
2026-10-05 07:10:00+00:00,86323.3,86328.5,86173.5,86291.1,480.153,41416623.9296
2026-10-05 07:15:00+00:00,86291.1,86471.4,86212.2,86259.4,444.76,38419079.9549
2026-10-05 07:20:00+00:00,86259.4,86259.4,86085.9,86105.9,225.061,19395466.4827
2026-10-05 07:25:00+00:00,86105.9,86258.2,86105.9,86258.0,164.514,14179947.4396
2026-10-05 07:30:00+00:00,86258.0,86282.6,86175.1,86175.1,113.593,9796353.5172
2026-10-05 07:35:00+00:00,86175.1,86241.0,86126.0,86233.7,247.607,21340357.6915
2026-10-05 07:40:00+00:00,86233.7,86379.1,86190.0,86347.6,261.142,22532430.4372
2026-10-05 07:45:00+00:00,86347.6,86407.2,86222.5,86229.1,142.267,12280719.2172
2026-10-05 07:50:00+00:00,86229.1,86302.6,86195.4,86253.3,235.511,20311819.7941
2026-10-05 07:55:00+00:00,86253.3,86253.3,86151.7,86227.0,119.84,10329485.2309
2026-10-05 08:00:00+00:00,86227.0,86335.8,86187.0,86326.9,118.79,10247636.724
2026-10-05 08:05:00+00:00,86326.9,86473.2,86321.5,86463.0,244.338,21112683.6468
2026-10-05 08:10:00+00:00,86463.0,86463.1,86355.6,86388.6,122.419,10576419.6196
2026-10-05 08:15:00+00:00,86388.6,86388.6,86272.8,86305.7,58.734,5070783.5108
2026-10-05 08:20:00+00:00,86305.7,86402.0,86276.9,86340.6,46.67,4029263.0285
2026-10-05 08:25:00+00:00,86340.6,86413.2,86283.1,86400.0,118.089,10197692.1582
2026-10-05 08:30:00+00:00,86400.0,86441.9,86266.0,86310.0,200.305,17301208.463
2026-10-05 08:35:00+00:00,86310.0,86342.9,86238.3,86282.9,144.211,12445418.2468
2026-10-05 08:40:00+00:00,86282.9,86291.9,86200.1,86227.3,147.188,12693520.5611
2026-10-05 08:45:00+00:00,86227.3,86227.3,86006.7,86175.0,600.115,51671901.5442
2026-10-05 08:50:00+00:00,86175.0,86240.0,86115.9,86167.8,157.554,13579195.1474
2026-10-05 08:55:00+00:00,86167.8,86218.7,86167.4,86188.3,60.818,5242124.2843
2026-10-05 09:00:00+00:00,86188.3,86200.4,86091.2,86100.0,80.502,6935168.5026
2026-10-05 09:05:00+00:00,86100.0,86132.2,86055.5,86062.9,101.057,8700117.1105
2026-10-05 09:10:00+00:00,86062.9,86062.9,85917.7,85938.8,412.145,35431204.4059
2026-10-05 09:15:00+00:00,85938.8,85960.3,85737.9,85860.8,670.792,57573516.8086
2026-10-05 09:20:00+00:00,85860.8,85924.0,85817.9,85900.1,172.154,14783329.7383
2026-10-05 09:25:00+00:00,85900.1,85900.1,85832.9,85837.5,95.366,8188471.0762
2026-10-05 09:30:00+00:00,85837.5,85896.5,85828.1,85842.5,83.677,7184644.119
2026-10-05 09:35:00+00:00,85842.5,85966.0,85828.5,85925.0,152.86,13127665.4987
2026-10-05 09:40:00+00:00,85925.0,85961.2,85858.4,85949.9,173.32,14892258.2936
2026-10-05 09:45:00+00:00,85949.9,85968.0,85892.0,85962.1,67.088,5765418.9804
2026-10-05 09:50:00+00:00,85962.1,85996.0,85930.7,85942.5,70.088,6025066.2819
2026-10-05 09:55:00+00:00,85942.5,85971.1,85923.0,85940.1,29.485,2533789.2595
2026-10-05 10:00:00+00:00,85940.1,86017.5,85920.0,86001.3,108.008,9287508.6664
2026-10-05 10:05:00+00:00,86001.3,86058.6,85989.6,85995.4,106.632,9172268.1864
2026-10-05 10:10:00+00:00,85995.4,86047.1,85945.3,85992.0,106.394,9148234.4504
2026-10-05 10:15:00+00:00,85992.0,86049.8,85992.0,86038.1,37.789,3250806.5749
2026-10-05 10:20:00+00:00,86038.1,86066.8,85984.1,86066.8,63.673,5477728.7369
2026-10-05 10:25:00+00:00,86066.8,86133.6,86022.0,86022.0,109.678,9442359.0198
2026-10-05 10:30:00+00:00,86022.0,86097.2,85965.6,86055.8,196.682,16919678.0368
2026-10-05 10:35:00+00:00,86055.8,86089.9,85980.4,86019.7,43.088,3707025.2865
2026-10-05 10:40:00+00:00,86019.7,86045.1,85971.7,85988.6,60.403,5194770.9045
2026-10-05 10:45:00+00:00,85988.6,86100.0,85970.9,86073.0,56.7,4879527.2657
2026-10-05 10:50:00+00:00,86073.0,86122.0,86027.9,86076.2,53.74,4626152.4071
2026-10-05 10:55:00+00:00,86076.2,86175.0,86066.0,86074.2,95.171,8197161.5454
2026-10-05 11:00:00+00:00,86074.2,86074.3,85897.4,85897.4,214.283,18418749.966
2026-10-05 11:05:00+00:00,85897.4,85963.6,85886.4,85902.2,69.414,5964053.9944
2026-10-05 11:10:00+00:00,85902.2,85915.7,85868.6,85910.7,71.039,6102147.3032
2026-10-05 11:15:00+00:00,85910.7,85982.4,85902.0,85982.4,79.773,6855701.6886
2026-10-05 11:20:00+00:00,85982.4,85992.0,85959.0,85984.6,42.693,3670667.688
2026-10-05 11:25:00+00:00,85984.6,86201.7,85984.6,86169.1,197.851,17038243.0256
2026-10-05 11:30:00+00:00,86169.1,86250.0,86077.8,86084.8,181.384,15626159.1837
2026-10-05 11:35:00+00:00,86084.8,86105.4,86021.3,86039.1,161.786,13923291.1527
2026-10-05 11:40:00+00:00,86039.1,86129.5,86016.9,86044.7,332.729,28640171.0124
2026-10-05 11:45:00+00:00,86044.7,86045.3,85997.5,86036.4,48.652,4185334.0919
2026-10-05 11:50:00+00:00,86036.4,86036.5,85984.6,86019.9,28.947,2489781.5912
2026-10-05 11:55:00+00:00,86019.9,86209.9,86019.8,86171.8,220.403,18985610.394
2026-10-05 12:00:00+00:00,86171.8,86171.8,86100.0,86112.3,80.341,6919861.4219
2026-10-05 12:05:00+00:00,86112.3,86167.9,86068.2,86068.2,55.681,4794881.1893
2026-10-05 12:10:00+00:00,86068.2,86112.0,86048.0,86102.5,65.44,5632828.0366
2026-10-05 12:15:00+00:00,86102.5,86119.4,86065.0,86078.3,67.327,5796137.3859
2026-10-05 12:20:00+00:00,86078.3,86096.1,85991.2,85991.3,74.914,6446026.6302
2026-10-05 12:25:00+00:00,85991.3,86045.8,85989.3,86007.9,94.033,8088187.2013
2026-10-05 12:30:00+00:00,86007.9,86008.0,85812.8,85881.4,228.339,19614102.149
2026-10-05 12:35:00+00:00,85881.4,85939.3,85784.6,85836.1,126.442,10856949.007
2026-10-05 12:40:00+00:00,85836.1,85912.0,85822.8,85870.8,112.468,9657410.4594
2026-10-05 12:45:00+00:00,85870.8,85908.4,85819.8,85857.8,113.565,9750221.3274
2026-10-05 12:50:00+00:00,85857.8,85950.0,85825.6,85873.4,68.011,5840578.1995
2026-10-05 12:55:00+00:00,85873.4,85886.0,85823.5,85859.8,34.691,2978412.6532
2026-10-05 13:00:00+00:00,85859.8,86068.5,85859.8,86049.0,121.458,10444044.8852
2026-10-05 13:05:00+00:00,86049.0,86079.8,86000.0,86079.1,113.714,9785062.1951
2026-10-05 13:10:00+00:00,86079.1,86115.0,86064.4,86086.3,160.145,13787876.6644
2026-10-05 13:15:00+00:00,86086.3,86185.2,86040.6,86122.2,121.483,10463599.0769
2026-10-05 13:20:00+00:00,86122.2,86150.6,86000.5,86015.7,124.557,10721359.2112
2026-10-05 13:25:00+00:00,86015.7,86086.0,85973.5,86071.1,73.154,6293379.9518
2026-10-05 13:30:00+00:00,86071.1,86090.4,85757.6,85948.3,465.248,39954256.567
2026-10-05 13:35:00+00:00,85948.3,86110.0,85882.6,86078.6,224.832,19338707.8775
2026-10-05 13:40:00+00:00,86078.6,86095.2,85880.0,85933.8,240.597,20680756.5283
2026-10-05 13:45:00+00:00,85933.8,86393.6,85836.1,86260.0,872.393,75214718.3697
2026-10-05 13:50:00+00:00,86260.0,86400.0,86234.7,86305.5,560.702,48409943.7016
2026-10-05 13:55:00+00:00,86305.5,86457.2,86245.7,86386.4,385.185,33269869.2078
2026-10-05 14:00:00+00:00,86386.4,86448.1,86211.4,86273.9,417.029,36005130.0426
2026-10-05 14:05:00+00:00,86273.9,86699.9,86273.5,86604.8,947.807,82044125.4152
2026-10-05 14:10:00+00:00,86604.8,86670.0,86490.4,86603.8,355.917,30820559.8497
2026-10-05 14:15:00+00:00,86603.8,86679.2,86324.2,86396.2,485.294,41971487.6533
2026-10-05 14:20:00+00:00,86396.2,86408.7,86218.0,86350.3,350.241,30226910.4653
2026-10-05 14:25:00+00:00,86350.3,86388.5,86230.3,86243.4,130.454,11257343.0732
